,PC1,PC2
0,-0.19462658537063135,-0.06667345331877701
1,-0.8093250986504203,0.14631870011139966
2,0.3658670636917958,-0.17363398361372087
3,-0.17793387954623605,-0.2096905845487008
4,-0.2601788105198147,-0.18393110998013704
5,0.4127044318029664,0.13855049851173723
6,-0.3681278914151798,-0.5027192391516987
7,-0.36199056543485625,0.007404529722088952
8,0.3937829921907277,0.2529643519981652
9,-0.7791018900415093,-0.07521691389834352
10,0.09349912722355462,-0.12563264378915984
11,-0.34757281317527144,-0.059478616553555526
12,0.12991719254010323,0.002275900495531592
13,0.05752636679573399,-0.07322862591112086
14,-0.11058093534892584,0.2299042538189596
15,0.239762673249364,-0.32345934817978483
16,-0.520951157190679,-0.03170387109343739
17,-0.1824770270957984,-0.4461388176768616
18,-0.07685787459084321,-0.17120620887367133
19,0.4171172052608432,0.191374261299936
20,-0.13884314511609558,-0.08465852933474377
21,-0.026309824481084976,-0.1488219988838618
22,0.8504525819072015,0.3889090353863801
23,0.23666648611815236,0.04063684544079385
24,0.3733876856567307,-0.06795680926033497
25,-0.011267547458652351,-0.13459929504700482
26,-0.24563768971353744,0.04976713206298403
27,-0.006533187231643396,-0.15867611564318523
28,0.12947254571157976,-0.11013024801834694
29,0.17852946980132708,-0.08143163960911207
30,-0.2887835565054757,-0.1335821838362158
31,0.07059944083064205,-0.13470852693011628
32,-0.10974717986347861,-0.05645324369621697
33,0.07318417781472733,-0.16564468788762468
34,-0.47478555164779895,0.41435391710695235
35,0.41911156521015164,0.45533644712945076
36,-0.3490701360763706,0.10840117093778241
37,0.08008907527467686,-0.15579948180763148
38,0.556127800174407,-0.29652518923009086
39,0.16559202941333173,0.27492813646166614
40,0.3859254450115449,-0.5832108029940924
41,0.25878960618747077,0.060281328665217696
42,0.07854710932091716,-0.02389787288653398
43,-0.5593378358477001,0.07739737580425614
44,-0.5186823276757236,0.05663862432038465
45,-0.03790705868184071,0.07181676728751124
46,-0.28042196621229054,-0.11989943504269016
47,0.11482528404967846,-0.19878266688873591
48,0.37575665691554655,0.001436280760616642
49,0.7496539593751078,0.2817918224798705
50,-0.45283752036903874,-0.07396241629552402
51,-0.0073544973344551266,-0.20886845512292027
52,-0.33749217850122876,-0.18028427324478327
53,0.90946262191703,-0.045900505775625544
54,0.4357882601068497,-0.26037686574832075
55,0.02873389836096425,0.19970501647567154
56,-0.36524574261756504,0.089679344296741
57,0.24033082384723303,-0.09170327564683817
58,-0.5365271292280571,-0.19301303765381836
59,-0.09096916997176635,-0.13706397305149146
60,-0.8331239120328405,0.0351898973017828
61,-0.2156446496292482,-0.13466353197642417
62,-0.08205295983513276,0.005630279054277552
63,0.7634223173335982,0.39201667739398643
64,-0.36262774215663734,0.13273335199735437
65,0.3716776434655873,-0.1779343501553442
66,0.35380726772073073,0.04275039404796719
67,-0.32955109208736033,-0.0853358604556473
68,-0.3468297113019545,-0.08099557436760504
69,0.20617740903787307,-0.05479397785387212
70,-0.12258232582949666,0.027722621457423276
71,-0.030304488888057333,-0.19033029668899376
72,-0.001094702995562243,-0.05818635113841595
73,0.06542614206941293,-0.13773218451414587
74,-0.06560025705765854,-0.24909951771676203
75,0.2915019551813326,-0.17259485007717137
76,-0.06850476402056627,0.17054183384782046
77,-0.07983537207267694,-0.06102661484734405
78,-0.6279197015462005,0.1735991072712808
79,0.21377525291074995,-0.3980525597471089
80,0.08931947110929246,0.0002607995530660485
81,-0.4160591947237812,0.0630991652244708
82,-0.5415915403003105,0.26839400545669095
83,-0.1393366199628077,-0.037436226415110026
84,0.186165927455658,0.27072444006854124
85,-0.33604549938560424,0.10456389997345991
86,-0.0010933598112288655,0.2474706302190607
87,0.47793806363651725,-0.016558449348992792
88,0.553381211921649,-0.10691018199607015
89,0.1660547716157108,-0.3912791869121998
90,-0.28465493134615283,-0.06753475797500198
91,0.44459290463231077,-0.4108613217787495
92,0.09439376272384284,-0.17134032515736
93,0.05331432082026244,-0.21484356672922555
94,-0.23818287430304916,-0.026260554301127722
95,-0.17016797067691103,-0.0033652766492648484
96,-0.49602292699789013,-0.13229298978640203
97,0.4845129392519508,-0.1270950351021293
98,0.07055513383438235,-0.24782138373331294
99,-0.21141395365780782,0.1339676816229824
100,0.06139322945193232,-0.22250835135311692
101,-0.3366018556453777,-0.036067248772171406
102,0.39732262104016663,-0.36221567742387895
103,0.015525321909122987,-0.3676266426316793
104,-0.3438444999247432,-0.15952200327842347
105,0.05222372402765597,0.09583172707742023
106,-0.16146120307254802,0.059843542311974356
107,-0.3456910718916413,0.03500738400501422
108,0.6163503626365191,0.023989290090659716
109,-0.23703058334820115,-0.10085473487681171
110,-0.22117744972366768,0.0021910168437724717
111,-0.3503250476537176,0.3284311392663428
112,0.3124918599112387,-0.15614764040086337
113,-0.13011277235006552,-0.06813840782149419
114,-0.295823511521913,-0.06184015360825493
115,0.7427839676447373,0.36686096261487183
116,-0.17457852389157802,0.09465024422900219
117,-0.4042582307186915,-0.02375459010644803
118,0.03507628436765083,0.1595335096102169
119,0.18457616322117948,-0.1391817918489513
120,-0.09638498367038487,-0.03763835098879071
121,-0.3411475545013921,0.24526512573643952
122,0.2606076624202187,0.007346753521405412
123,0.1954539056799535,-0.020975561948937023
124,-0.11478420602604825,0.006961987724912372
125,-0.4765890999362355,-0.02537759629113932
126,0.20112166625827893,-0.254966643065129
127,-0.03063092120575978,-0.25467803704814185
128,-0.009480010492364905,0.0835382000418131
129,0.14242600422781046,-0.10032424189085444
130,0.757857539425237,0.3962305545162504
131,0.6984690998093998,0.20098575155550738
132,0.48036659155294364,0.00585131723947479
133,0.07947231919065988,-0.06089558220399944
134,-0.07178724408766562,-0.01799552188646452
135,0.06769424391912696,-0.16536320143277888
136,0.7389527391612795,0.1490610961320654
137,-0.1963439498091444,-0.11355012418214909
138,-0.14950125651597523,-0.24090387327148016
139,-0.42221209706445617,0.028194230953796473
140,0.22072447672815662,-0.09364710290437564
141,-0.16309856754024285,0.12083328533193113
142,0.2941287191907631,-0.21902474454051865
143,-0.016844739061295154,0.0735726320493245
144,-0.3929640412756369,0.11385517230940347
145,0.21131470101207545,-0.2348575874183172
146,0.10439302657499672,-0.11043214916113106
147,0.06501674200443652,-0.004469351230306147
148,0.022294669788851855,0.2399808208163593
149,-0.0687384139477338,-0.15749250972593223
150,-0.11213360294190762,-0.13295889704417632
151,0.37300101197676455,-0.08310306096403564
152,0.11972993013235364,-0.24720892787638055
153,0.24785738468495236,0.058427520753268236
154,-0.061088553165907555,-0.16941198383878195
155,-0.4618797758475651,0.25600087697828644
156,-0.3519859837572449,0.007617395973843296
157,0.23816011000999168,0.05551064072921981
158,0.2728137653002965,0.530890864063838
159,-0.3097589641950402,0.08656845940397391
160,0.1005377947292445,-0.196597945773968
161,0.015198627099856374,0.24523170203298186
162,0.006859798714890469,0.1175049234811694
163,-0.4779029651301136,0.12257995338251308
164,-0.036254115709530625,-0.054437210782755
165,-0.1614031031407464,-0.12865463839941854
166,0.34121215759749485,-0.2655958973720993
167,0.1803460335882453,0.22460697712109
168,-0.16568938615391884,0.10490217153125116
169,-0.02870179726766033,-0.050158818967030415
170,-0.40682085377511823,0.016465439041930652
171,-0.0580771499607271,0.03689119173821231
172,0.6068085144884149,0.21012538994559393
173,-0.2603404100023601,0.29025781912302645
174,-0.5766947651844668,0.021945707395308767
175,0.044320137378944774,-0.011149188156021454
176,-0.649186444727993,0.03725961713122603
177,0.11460199387203132,-0.0998564742034491
178,-0.162586962155574,-0.08379344621523321
179,0.2513907818121727,0.2537530534806442
180,0.04584293885147089,0.2517253518856979
181,0.09678607315172517,-0.14215855749381676
182,0.0833694281420196,0.4839310094673377
183,-0.25048544092145136,0.2548504776634318
184,0.14556264246972614,0.31673047812503197
185,0.19561946931930652,-0.22569954452148946
186,-0.6280440217394648,0.016676972660943437
187,-0.5628710498482008,0.2609304455976357
188,0.35831225192986205,0.414288722430377
189,-0.3783760335292783,-0.1135851603118953
190,0.5037554651658432,0.554530624823988
191,0.281015327541698,0.12256173873509651
192,-0.339494074521309,-0.18567412087677765
193,0.017843701831260994,-0.11988167409871213
194,0.2990089236097991,0.00019505964071104965
195,0.26626585094785543,0.18453840382819184
196,0.24635152572537594,0.2735504650487052
197,-0.008622188431087818,-0.13584891099752675
198,-0.1624371487069278,0.14496195656154232
199,0.5895869135638082,-0.20792499898822894
200,-0.1366516284536475,-0.04472944840947972
201,-0.3094252528824733,0.18447034077454078
202,0.5419715832526386,-0.3528173176860305
203,-0.05465199971301371,-0.11019401129921123
204,-0.3889800084721973,-0.22291258407099176
205,0.5579158410106397,0.38780383084213554
206,0.08668865530397578,0.5072940955453488
207,0.04415907392248612,-0.2510605095004265
208,-0.2061367590371912,0.23141405395307474
209,0.0017270619983063167,-0.05161238427152466
210,-0.34655807639937203,0.40960609983024343
211,-0.047453456554942264,0.16360693410102198
212,0.12832356929832356,0.21109626452623675
213,0.1418118579120324,-0.20623920553400824
214,-0.5242843354618898,0.0003772128567732656
215,0.6149658104654173,-0.02849344071473423
216,0.3274267691660933,-0.1041295955322254
217,-0.14980995932964566,0.12485170778521572
218,-0.35348343651075026,0.362904665558274
219,0.06316296066451606,0.5289494142387643
220,-0.2975805750839412,-0.2993540112582099
221,0.8360253304021441,0.1346991845053934
222,0.24706158622918992,-0.053380186397789235
223,0.2385144968699327,0.17928222330538868
224,0.27408846948450705,-0.2681350630776717
225,-0.5678540736248286,0.2756873209973838
226,-0.32325827399999785,0.09175198417422374
227,0.2845562686350891,-0.18526006302515702
228,-0.23572302705852774,0.1263261115487747
229,-0.31212012700792097,0.06558640642714578
230,-0.3425951988284041,0.2091810997637735
231,0.03548863868612187,0.06689157863247269
232,0.19952535177580427,-0.1001646668664112
233,0.017002828350738994,0.6613421201860293
234,-0.007540353155718731,0.0557946465996491
235,0.23046849156336102,-0.11176492243158433
236,-0.30077394953587056,-0.06440114120482344
237,0.4070502307173723,0.18790182526549867
238,0.5682861628052869,-0.2681833393336693
239,-0.09007421065300378,-0.20208268364196272
240,0.31137569048156355,0.0013499890743690053
241,-0.044660293489516646,-0.16545578153856283
242,-0.24493148507899512,-0.12225146700154825
243,0.45556491092275714,-0.25946879930516753
244,0.0045740889193143786,-0.02464936602730941
245,-0.3446154704682451,-0.06343370153072664
246,0.23401879364470865,-0.28937096603770757
247,-0.4443287032131807,-0.1422937278637792
248,-0.23345185358772222,-0.04335278794292457
249,0.2249572054190533,-0.24373438185169716
250,-0.17790327018925203,0.1345634249968612
251,0.2659061301917071,0.3038755847749306
252,0.03069321722011007,-0.13125621584718558
253,0.22651515044668052,0.11806343164915054
254,-0.2967380505081571,0.07170855348364845
255,0.058584207598584924,-0.24775731234222356
256,-0.29752450459181207,0.2158487917451949
257,-0.23185129964907758,0.07914716203073642
258,-0.2593281527644326,-0.14065875700614808
259,0.47281379767482695,-0.2371681633975013
260,0.2157422220492111,-0.004398322168970635
261,-0.4097246039493964,-0.05456768240359154
262,-0.08822378535245251,0.11092983281267803
263,-0.21785124683532586,-0.08589228798116538
264,-0.3011799820579045,-0.40313802707853735
265,-0.08158908762474328,0.20521099181832
266,0.3449382854176445,0.06955311348396316
267,-0.4823958796592693,-0.1391990031097804
268,-0.2394359246281998,-0.03299510675442626
269,-0.08817134989094584,-0.08169813931915776
270,0.1026561412825222,-0.244802531395384
271,0.41776021671760327,-0.34862362700161803
272,0.13867254711041482,-0.19967331807350375
273,-0.14713088156055576,0.020739768276313485
274,0.1401659582774298,-0.14657593033177455
275,-0.15014293411189847,-0.18702342670014055
276,-0.21668876343754326,-0.11043233749359474
277,-0.0030058773245787373,0.04270677309908447
278,-0.27541865485692146,0.28901005096984356
279,0.0762021038864698,0.054578076687617195
280,-0.22276282716692802,0.12044148543642044
281,-0.044736232558410916,0.1417076115500798
282,-0.6862885857522361,0.006057548615880516
283,-0.2661256508975918,-0.170327044506324
284,-0.4518255398880732,0.2788119643296041
285,-0.3964212538912743,-0.008311648694366203
286,-0.4710524296925261,0.23186071161392513
287,0.3919040976022719,-0.12410841045530546
288,-0.09911300493172381,-0.2593821850328004
289,0.0019690657444247114,0.14035223731609567
290,0.416131503979416,0.5092861672975473
291,-0.3513980750293331,0.21843205726942713
292,-0.343534435925466,0.018303513551669832
293,-0.33905526062981345,-0.1458766359283969
294,0.5646344034934899,-0.22090503143191167
295,0.46311216216189,-0.13667024331452796
296,0.015385398749642544,0.19407422215473305
297,-0.3549058577590788,-0.18414413651314696
298,0.7312096369612981,-0.17415775420947432
299,0.054473152639168486,-0.06428796243940485
300,-0.1406727641091197,-0.17357873802570917
301,0.05815591372545325,0.07646996567045006
302,0.45846592390691,-0.19398623520614705
303,0.48358637909603663,0.03714637320961522
304,0.9988465352407054,0.14224880162765086
305,-0.45376564516610834,0.06976315658797343
306,-0.3274714113355399,-0.18098330342856625
307,-0.41390035915269074,0.1491880981806831
308,0.07526073753111182,0.07759487731446411
309,-0.012967863814736965,0.051483704474900825
310,0.22454537013851966,-0.2748231434525817
311,0.06750957459857379,0.2502664587609917
312,0.08233941687854127,0.04853547766548884
313,-0.34897252587565303,0.04660384082501941
314,0.19759532911279706,0.11901655971908967
315,0.2072667418298486,-0.23056463432405963
316,-0.13325975715355556,-0.11575498301115389
317,-0.20760763560133372,-0.4642996150335542
318,0.23723885204949113,-0.10579166587566192
319,-0.08688684199209336,0.0013464617970855455
320,-0.23482931002100643,-0.05824829267650279
321,0.11499382486971582,-0.30385710719444553
322,0.1325925097142075,-0.34800701343942153
323,0.850761854632444,0.6091817555791292
324,-0.2577078816861068,0.15669139855774472
325,-0.0508620450138934,0.044763571260592556
326,0.3122461532286975,-0.016560214861817614
327,0.45276950717113124,0.14072172459209017
328,0.31929574845602393,0.2464564199891562
329,-0.10888470752372983,-0.017004813027093443
330,0.5591054222420488,-0.2513092139818383
331,0.1699070142709033,-0.28971600807390047
332,0.35465635773796533,-0.27278561871206114
333,0.4147049071641305,0.20460211609938614
334,0.3414674632637265,0.1418803756643652
335,-0.266567301503001,0.1122586459630407
336,0.10979333557185558,-0.10605253096728509
337,-0.11245006709342338,0.009276805413053438
338,-0.19633816924712177,-0.08511486327655787
339,0.00040850801875035205,-0.22294901285347904
340,0.05286931056346768,-0.10926451290256417
341,-0.09611845267347868,-0.40715909827091595
342,0.26886556368630976,0.09640993976180046
343,0.08445603111147687,-0.1062808286477314
344,0.0030464296021757683,0.23379612310948542
345,-0.25330014978647153,-0.2911166952579456
346,-0.5982810058639992,0.09958853674178904
347,0.45258639866528794,-0.13193480993635534
348,-0.009927153317075978,0.146297439566359
349,-0.1609382114984396,0.3935519813315986
350,-0.5861150106393226,-0.041579423870205044
351,0.020347570596292767,0.04092599387784801
352,0.6582114296130905,-0.13420388686823506
353,-0.33269850471378876,-0.3174896738335961
354,-0.354358448840738,0.05290436720110134
355,-0.14185730342065145,-0.3496689949382368
356,-0.5091892776026337,-0.0954715500311353
357,-0.2510381062787262,-0.03028858195357153
358,0.10801927908014,-0.2939964314588649
359,0.3566565833500851,-0.07815833526285927
360,0.4748830627546336,-0.25464708059231306
361,0.05032919379167638,-0.13034130292310483
362,-0.18582057471305688,-0.06082940379557202
363,-0.45676176748255626,0.014355845811207964
364,-0.15241998388973815,-0.315781031565066
365,-0.35355157377615976,0.21138509391765162
366,0.18778528349017512,-0.05519953747559501
367,-0.3625254297693914,-0.12279108396999114
368,0.01733351169202997,-0.012544023135251008
369,0.5539522027209423,-0.23275415004647843
370,0.46345475385985807,-0.1264652643761332
371,0.11848848748480319,0.13328590183674077
372,0.038969056967164316,-0.31151703878600234
373,-0.18896475858834208,0.12184279462295448
374,-0.519882962773864,0.16435396883598266
375,-0.5875877502668236,-0.026371829177044608
376,0.2762774752457223,-0.11299001411935354
377,0.5001259216198264,-0.6032249543444138
378,-0.003928880894311217,0.41288298247836897
379,0.08100960108074574,0.10767144542774423
380,-0.06813655454407513,0.0486771913676895
381,-0.23616478866871937,-0.06946939826133493
382,-0.1360376541653825,-0.20637383512816102
383,0.21887433643871598,-0.15053091790306203
384,-0.09002037354382858,-0.5177317260485245
385,-0.541900973398719,-0.21482501869201942
386,-0.3195852473069445,0.05840806498724107
387,-0.6017115394457769,0.07968707093082916
388,-0.5080415739990066,0.13360383842952156
389,0.5257203766181203,0.004294270419468969
390,0.12216321885673863,-0.05359419304827931
391,0.4715363568859117,0.317985151168078
392,0.10049628184686202,-0.021974061098655795
393,0.04557775455115162,-0.3102520896394177
394,0.2025960870376559,-0.3122928804416584
395,-0.5493995859257165,0.06123396588682188
396,0.022962318062882313,0.5574427943188872
397,-0.0389456623120551,0.08278032758930043
398,0.1779779238176681,0.12011831647231591
399,-0.11771028527328663,-0.3030905515736637
400,0.354098392705668,0.023749112602836887
401,0.2624781609415757,0.07473729592949627
402,0.22244508124923046,-0.15190033920170107
403,-0.17734955253288823,-0.06890551936834463
404,-0.36125092084637256,-0.16244599238987978
405,-0.36322840064308115,-0.12944071123397685
406,0.04928522123204265,0.2245036954272915
407,-0.2557585507053397,0.16903521076845474
408,-0.03300292336074599,-0.07636147566020497
409,-0.21380249685391564,-0.09426808783427242
410,-0.31468418994999375,-0.011849636412542875
411,0.19998053763257925,-0.0385446531179342
412,-0.210989170649077,-0.010576292566262578
413,0.10114934986777037,-0.10964538991834219
414,0.1550462762045435,0.12208472432411632
415,-0.3058211740264846,-0.22877436240433985
416,0.27527439174678564,0.11467551672171164
417,0.8645762237587999,0.19345834524060085
418,-0.21511866830046514,-0.05999459289716668
419,-0.53037003979243,-0.10789919107166275
420,-0.020720556392045435,-0.04179131502122819
421,0.2183313171521777,-0.11293934208882382
422,0.22531401282347727,-0.31709201347746724
423,0.10946460609242471,-0.1773721378506881
424,-0.3233024798006101,-0.03725550108461981
425,-0.5529903967414068,-0.1150083103991831
426,0.16726200616928907,0.34454838580406005
427,-0.04545219090685153,-0.04561092900902621
428,0.199682595428493,-0.19571488055615696
429,-0.03790330709840077,0.1488027042899025
430,0.1313469857732927,-0.09697913932876089
431,0.03762319192209832,-0.14204824248313702
432,-0.1854121360692656,0.26373359900249876
433,0.3684812122678532,0.26615162827909217
434,0.028771951790749664,0.10200612412679447
435,0.6402379608188269,-0.3925820168402293
436,0.7137599801775232,0.4278236099926548
437,-0.3260517671476771,0.015667846598759097
438,-0.5389227455663778,-0.0659242507925754
439,0.06259435413835876,-0.058396539935535376
440,0.14216906455929734,-0.38087809190671235
441,-0.12532625197814912,-0.1593164228161627
442,0.0009429244965292026,0.3333987405183981
443,0.5627571580910974,0.21549629740120277
444,0.24577963479205453,0.10630607858976375
445,-0.14930216095076415,-0.05219365881959916
446,0.23939409179330665,-0.16454910064985573
447,-0.21413891900049178,0.024210811359062712
448,-0.5010965472201013,0.2883898797147979
449,-0.3563642867413312,-0.1500381978742059
450,-0.0804419673532323,-0.2202529137349453
451,-0.28059121623355554,-0.021730351783744193
452,-0.08434538348427172,0.10497646798522124
453,0.12951504271423162,0.7210830873882383
454,0.11813538932066373,0.2448675938938812
455,-0.1824288542698439,-0.28438268118080273
456,-0.3007628557680036,-0.17013481076639214
457,-0.10437359506834223,-0.13203329048944837
458,0.19876333208404745,-0.017324452129538852
459,0.26954817262582276,0.4576788089999672
460,-0.2290541322306169,-0.4367522429823475
461,-0.04124221480810117,0.1911734404253164
462,-0.5143585140324752,-0.007510798904610851
463,-0.26084570828937437,-0.1569615349875339
464,0.0932224296779337,-0.20402017306728543
465,-0.27024367520972903,-0.005533478095431177
466,-0.23040262101779374,-0.05844169075499263
467,0.1580610229304546,-0.3059106079336965
468,-0.38399951851635833,0.11775455803879947
469,0.17661177757741775,-0.015712280589368174
470,0.07616210705400145,-0.3485868296934078
471,0.6779396896216406,0.17676314189175618
472,-0.23766350819600582,0.16813974235031365
473,0.15491247078966242,0.23444421543196575
474,0.5447564424322551,0.03940791863619228
475,-0.21945502652201027,-0.16897258267915327
476,-0.3940996419786805,0.1985967770138457
477,-0.038553799785297806,-0.13071192465244652
478,0.24558352874660833,-0.19240213585584898
479,-0.000824384620684146,0.0007557295975343783
480,0.08535919827964993,0.39332785527136616
481,-0.28199637018807533,0.041139485319637334
482,0.23584179740863329,-0.41317217452520055
483,0.5560088767027409,-0.13777588365442833
484,-0.029337289620079206,0.01862776894100308
485,-0.07052697682402417,0.7228193420631812
486,-0.2809361053556004,-0.08380781543735157
487,-0.23993289334912205,-0.16967449690209546
488,-0.1987968384371764,0.16932064376036235
489,0.716532654336145,-0.08100635438717538
490,0.3334443053442044,0.08903438046807795
491,0.14202989694957602,0.005059137637932582
492,0.3421180496160119,0.5739484719151744
493,-0.27197556713145404,-0.22665731600680072
494,0.3313943417984816,-0.06795159557345191
495,-0.09258686373104477,0.14340170964509263
496,0.46757553748474684,-0.2664426368275732
497,0.4254577381925195,-0.12372966670951648
498,-0.02584378606561102,-0.12017189585490225
499,0.546506561492855,0.47635653219055846
500,-0.0610593047124954,0.2038294780182701
501,0.3244687026619574,0.31779088342223855
502,-0.17892523606481353,-0.31568307732117473
503,-0.5653976046581152,0.18136879407495124
504,-0.20208671565865569,-0.17182755062992003
505,0.14366740632156874,0.21588046761322963
506,0.13167979033583196,0.11374778291456701
507,0.31445060083677323,0.3101954766823221
508,0.0014739577428001056,-0.2397725501266291
509,0.5912928824470542,0.12867618538871142
510,0.07996526641981887,-0.2136965046729053
511,-0.702708136144078,0.12487983768491988
512,0.05505862226433314,0.020489297491776155
513,-0.30501454343475587,0.1275720464722005
514,0.39559492333107793,-0.260263050417068
515,-0.36014933567672475,0.2982404826740809
516,0.5308435587644025,-0.16296107853507505
517,0.19593242890997659,-0.1722257684246719
518,-0.5783322676592965,0.06662699269523745
519,-0.22087438911817733,-0.07383192645363454
520,0.03502469051047987,-0.07920442606722769
521,-0.2212884248360683,-0.21025854898535312
522,0.6307895877111023,0.4326800935883385
523,0.28179787810800183,0.7956202006599477
524,-0.39483906644499456,-0.025929704545142523
525,-0.22778590532424708,-0.15770896082292066
526,-0.07449073037644861,0.06252309181981455
527,-0.1509139448906188,-0.09203793355755159
528,0.16830892228191313,0.11317541838022935
529,-0.4707960075413781,0.22109345901729377
530,-0.5480367958181148,0.2582338071729698
531,-0.1535953013772873,-0.07925409997222431
532,0.030870870035503303,-0.06210868180866947
533,-0.35649694031270424,0.349104918830296
534,0.02648180499487603,-0.19444719064388194
535,-0.16266161219802505,-0.17054754700678132
536,0.317625471485185,-0.024745917735058277
537,-0.05904611802446843,0.6614039871479372
538,-0.33848959735580186,-0.226699706495476
539,-0.3050026460590402,-0.2430739178722975
540,0.06114433922976578,-0.0220664855331842
541,0.13546795248687177,-0.3536405380006807
542,-0.45802762988885076,0.1707683541409241
543,0.8601233396852247,-0.07551693381965313
544,0.3963545943249847,-0.274021872290745
545,-0.15502607631169693,0.4569262401105862
546,-0.18850416709692847,0.25213620807207016
547,-0.21906943782337104,-0.10656181696505813
548,-0.07272565116690727,-0.276579290285464
549,-0.24296705416901457,0.464162428583836
550,0.2827739959406157,-0.06296977240217476
551,0.18409446895579018,0.0029424097245523547
552,-0.340108269425065,0.025791118917386335
553,-0.37827417834344473,-0.09611402371438894
554,-0.3694585836722684,-0.06781868205769644
555,-0.12815062725512993,0.12293915673599021
556,-0.49577014576961775,-0.14377557724281628
557,0.12214429576617868,0.28387520601192595
558,0.17502347899569765,0.22553235678341407
559,-0.2207642934630395,0.016724368453960508
560,-0.08847244766832876,0.18995368488046654
561,-0.18720456485867293,-0.41738034358890186
562,0.21460182079773543,0.23969714531917022
563,-0.31552041270324865,-0.10445029285353359
564,-0.6789407270138309,0.07735859091105253
565,-0.1558420912104698,-0.05589417723772868
566,-0.3050165489094081,0.18925174566201283
567,0.8353036901930663,-0.02029678269652174
568,0.09300063698170746,-0.24299259459352257
569,-0.5013462165271187,0.3598716972636891
570,0.0626723617870159,0.12905216677791312
571,-0.08638275353037965,-0.10698898783235082
572,0.10628297337053794,-0.007544104100875372
573,-0.33605816716201636,0.06259160690602208
574,0.359353222169115,-0.04482068448076641
575,0.07956637537202685,-0.15684819872518432
576,-0.28378050470163946,0.34696580283726286
577,-0.06909150049964385,0.3534844976336953
578,-0.4170012010622104,-0.2755427316196865
579,0.4615687248629154,-0.27045597155378315
580,-0.16563235947622815,0.05847842750986024
581,-0.03739816672983001,0.07897813603831101
582,-0.14478436903158923,-0.058621438901626695
583,-0.12386270989953371,-0.1161709709298436
584,0.3019720465261343,-0.11242118906480006
585,-0.0686674131379417,0.03322308591332341
586,-0.11271226740677306,0.304717679846429
587,-0.3359032802226561,0.09865843148350456
588,0.003556071700738706,0.044902020916291946
589,-0.5462780285174498,0.024032330604749283
590,-0.23643697111906745,-0.15678150003732255
591,-0.3587882689361275,0.0016867751259306253
592,-0.1772687219287387,-0.13253871287074548
593,-0.061021919197352135,-0.28502896557348556
594,0.10004551247049524,0.06244139088691394
595,0.5377355711223457,-0.015340342284169146
596,0.31842319753891146,-0.18263086611302162
597,-0.44652734312010084,0.05581963276927448
598,-0.10283057883823148,-0.19945560665503423
599,-0.048819551549785026,0.09307807184975515
600,-0.08133551624149869,0.022798314595971383
601,-0.05571808411255738,-0.37742926600474996
602,-0.4780778583101112,-0.4392572298802487
603,0.5069637137730928,0.06986142364233544
604,-0.13000720405082608,-0.09940674233938059
605,-0.09655037500604126,-0.09739287514361987
606,0.038343901111501176,-0.15746244290898784
607,-0.32878094749531905,-0.09198860677270314
608,0.21657640757716606,-0.1896156149508537
609,-0.08270626994955674,-0.33468646512620287
610,0.09292527044104168,0.4073340110037491
611,-0.06620538430041407,0.08168258277553439
612,-0.26056120677107325,-0.253655834560175
613,-0.37714343904407904,0.10195167237263715
614,-0.04620836440935253,-0.14719616815910727
615,0.3005067039176215,-0.007831453004074625
616,-0.051537073165240775,0.16633535930521418
617,-0.019029253718092665,-0.021447782509923304
618,-0.263671615829829,0.06390655926005019
619,-0.5839943587753967,0.050705178393464875
620,0.11735450280095493,-0.20852470818259894
621,-0.3885033351386861,0.12676468710707103
622,0.015696935328497332,-0.012561922000937926
623,0.25826640252498095,0.0735794544072117
624,-0.2967976914455938,0.1003011146892506
625,0.20702934975360618,-0.1490816158567073
626,0.517438451245487,0.1596370444612069
627,-0.40265134856612106,-0.1880674593857591
628,-0.229949724978657,-0.010291670961652292
629,-0.369395457597541,0.03382419218177714
630,0.6394688127926197,-0.30345657160825007
631,-0.23047196021806263,-0.23585787863168733
632,0.4390451657122505,-0.1789412886202867
633,-0.36964355098842616,0.03197541726829179
634,-0.06752385236653993,0.14263591899026468
635,-0.21087089690903807,0.2652901242099637
636,0.19828855857197875,-0.05514981819069824
637,-0.28750886967130534,-0.03023698059693446
638,-0.7572096200497926,0.34114436428210365
639,0.8507087797979322,0.6068391034612707
640,0.30482292743380385,-0.049138703445784374
641,-0.041988731265935456,-0.20875744982357036
642,-0.5425206040397065,-0.44325465833267225
643,0.04909257806203387,-0.403912568181573
644,0.2899764625437038,-0.27193692298060695
645,0.21313225694321944,-0.13425857558110188
646,0.6288440519308546,0.03957236440700461
647,-0.14188880362978207,-0.05624718494568904
648,-0.3139122232689006,0.20926490122836414
649,0.3740054336078678,0.14289778245517737
650,0.10130938103954394,-0.5004771880836896
651,0.9271156624486904,0.13924577594996373
652,0.0421737577087997,0.2929964238571127
653,0.3902792475386589,-0.22311803193443827
654,0.11716092121655522,0.24938980793229606
655,0.28071588939379555,0.12878020341193916
656,0.03332257306288275,-0.12547931858732866
657,0.6651677601032797,0.2093067440752148
658,-0.12482481994182765,-0.236492161008433
659,0.4683000367491412,-0.04458537247156942
660,-0.04272629028202245,-0.06282496648563868
661,0.7525969195077311,0.00918303729488544
662,-0.13619694033245008,-0.2148276358765653
663,0.09003202081764484,0.10129508157428023
664,-0.2729043568313863,0.0011223483212124705
665,-0.37210804319297053,-0.11487849711585883
666,-0.1859131405796043,0.16414751365974978
667,0.3801874163351784,0.7021830002707633
668,-0.4484637887109288,-0.12885020779248918
669,0.31913944115154586,0.24724247192637266
670,-0.2822142193240496,0.3711752625094327
671,0.16505152987360883,-0.08743593705788084
672,-0.1655700289246333,-0.426650861431098
673,0.3878750595156708,0.1400582337650078
674,0.2916886757078402,-0.21010999966382288
675,-0.1283441266404431,-0.18394609871870085
676,-0.08101375636097737,-0.23736137985797204
677,0.315307444391044,-0.20886263375841516
678,1.1174683564598409,0.3617306546939168
679,-0.43507767650016166,0.20544420817509718
680,0.34878240983881625,-0.14879997608377543
681,0.2304382852537512,-0.38753292388400046
682,0.0955036454119894,-0.2777852769088289
683,0.2076441098580202,-0.11619337852625108
684,0.2784469263552437,0.6027559433070535
685,0.027073867420746415,0.016082311115296243
686,-0.4148098611995366,-0.02758514169129881
687,0.03382302910728839,-0.26527661643557127
688,-0.3223814405089337,-0.08851345927775998
689,-0.6282388998725345,-0.1474382312421659
690,0.1991809206422324,0.08441160876457132
691,0.04455378076519358,-0.07673780683515981
692,-0.07645946584165625,-0.07066562858879374
693,-0.58365136561501,-0.08533395214196422
694,-0.35620377907747897,0.017157883944201247
695,-0.08222314693129333,-0.03258860963619329
696,0.09706563985174986,-0.01034880123163692
697,-0.08460296465987037,0.04372054994919867
698,-0.14270432483429066,0.20202954112137067
699,-0.5033251406134311,0.11619423110686472
700,0.3002786271662242,-0.7680480114355446
701,0.7021840755118,0.17401356131246756
702,0.10680322663344184,0.337241781650808
703,-0.06342099219877793,-0.1909361088117836
704,0.022940445352286044,0.04450147647011523
705,-0.2646397590659131,-0.0714068223749769
706,-0.012871286693340055,-0.09560242502031091
707,-0.6919993920403344,0.7459680536295735
708,-0.5939626300073818,-0.0696440065655015
709,-0.22556836062113028,-0.026024158801118132
710,-0.3174945598930118,-0.30322208945125434
711,0.40908902056897484,-0.08295861068245258
712,-0.06303606521984281,0.24185323043465357
713,-0.04612905461057183,-0.07505579866691471
714,0.4439503060179476,0.32797561609292225
715,-0.06416088129449515,0.053244268225823746
716,0.21897471141052915,0.04673868161534322
717,0.06290396269884149,0.48373715037253695
718,0.858806522020527,0.13097468877355972
719,-0.29513343990721236,-0.24677540609030912
720,0.10697662346576,0.4670691843973327
721,-0.5810171922734707,0.09051753550271902
722,-0.4353701647398619,0.13137507541205817
723,0.272359118538502,0.1766367331297287
724,0.40026598465891877,-0.21641360354755954
725,0.6521276526195995,0.37669832121167834
726,0.12270114355475908,-0.16844799210440012
727,0.15851061179334272,-0.12450504334549643
728,0.31808214428679843,-0.13682767260723808
729,0.7071187037390572,0.05080368379205032
730,0.36995930308664354,0.2469392894271073
731,-0.16548630967960065,0.11566365147554458
732,-0.18769573452973504,0.029159898549786
733,-0.1327092734199323,-0.05939857935203427
734,0.6194205114063804,-0.04710629125939775
735,-0.20211016879507987,-0.15871743885175837
736,0.0006389203963801323,-0.1809622434658435
737,-0.12678665922899546,-0.282736090748887
738,0.43693711933292373,0.10442403928736796
739,0.14434799193451528,-0.15953610573546984
740,0.021185238031166294,0.04267200260908088
741,0.16600539374445872,0.19474938760193722
742,-0.1712971990679699,0.03356889425331419
743,-0.12948167495654106,0.11738120114940245
744,-0.09716772345708546,0.13047650292575677
745,0.015710617962324227,0.10672668824016805
746,-0.13067960807194337,-0.1374372949408685
747,0.02582389693963917,0.09694653926660558
748,-0.5139291855893413,0.5500761952774831
749,-0.2951999531751911,0.08239313397192412
750,-0.018712020378628087,0.16912435676480883
751,-0.3053938111538338,-0.048316939312981526
752,0.062397879408326924,0.027629563497265724
753,0.018143402007878,-0.15752530453212063
754,-0.17589914597679962,0.046492225959206816
755,-0.07288094858133476,-0.06962641922090015
756,-0.3711355902666443,0.11409429861120579
757,-0.7020276440393485,0.16812060042963917
758,0.4227215905977415,-0.22348777304949283
759,-0.37776607902763504,0.41586394894210355
760,0.2190008455699855,0.34339852967041434
761,-0.3416034694391674,-0.25912608941436616
762,-0.227622745417947,-0.1460811423553243
763,-0.09275689410533726,0.13456853048898565
764,0.683886719578664,-0.02379620245951279
765,0.4171050750680796,0.2677450340790747
766,-0.19338511701056832,-0.13870268825679685
767,0.5446242657745347,0.06170166286034921
768,0.030622740709898934,-0.3010014916055806
769,0.4348604920437547,-0.1186498064466141
770,-0.11472847328314742,0.11709220126653408
771,0.35938823335794423,-0.21373035500421145
772,-0.29096245826744505,0.02081473015574635
773,-0.8773821091000565,-0.030309340487387076
774,-0.22253880581641414,0.0691433087881259
775,0.17079289994465924,-0.09433285651174209
776,-0.02073555202942689,0.11311041543905222
777,-0.26126282426016045,-0.06270523404055406
778,-0.4119689988202303,-0.19859212240133306
779,-0.4658363727111698,-0.04026110652397999
780,0.42376802720754125,0.4907632925577881
781,0.010625198079290438,0.3107578451443718
782,0.29446959609341744,-0.26198880415179454
783,-0.22399753499299405,0.05412139961063289
784,-0.4600265724529432,-0.3467904724173203
785,0.4667870308158414,0.2011159767398599
786,0.029055361311547522,-0.13230598323541823
787,-0.04691584366143211,-0.2793491694844617
788,-0.15143255806646408,-0.01301307495252637
789,0.6940798462711426,0.21676029225721802
790,-0.10034353713584851,-0.267838494531861
791,0.282801794178074,-0.26385170810960074
792,-0.1478929386600658,0.47738225295705344
793,-0.21012589764416706,-0.016844637531451535
794,0.7398499103139716,-0.23705227162659348
795,0.26890887653625206,-0.1983896801526286
796,-0.6664244214126547,0.2528084361419193
797,-0.17514660562101225,0.06510703208583542
798,-0.09980131063449647,-0.11253402653674396
799,0.883426540931076,-0.03158921934540169
800,-0.39623926849979535,0.22987523534529133
801,0.01330749371141388,-0.21973189940922505
802,0.3289066837074937,0.40577130733018135
803,0.17220306557274775,0.316930857567976
804,-0.2524518911514523,0.3349819349512604
805,0.04763241066270608,0.22612452837092356
806,-0.02295661805042051,-0.10531817006346766
807,0.789789595568378,-0.2996206340787234
808,0.039218523214800155,-0.13502871314354845
809,-0.0832264724741554,-0.051208081367909525
810,0.306228826791876,-0.20683546921552817
811,0.3026702685296646,-0.13580420067612498
812,-0.26475897433011886,-0.11959616802109002
813,0.5222934216927498,0.09648239004526996
814,-0.30033464973143137,0.15472072028211234
815,-0.16175708339469475,-0.18952861310566327
816,-0.3318865691927923,0.09903275275612042
817,0.15762176231514796,-0.2320954896582998
818,-0.11249934074191525,0.29166869887377733
819,0.4026499124997,-0.023073599314808298
820,0.23885859066065684,-0.19566481210989825
821,-0.09445683612584789,0.05984333366332523
822,0.017175224462432383,0.09104302810891711
823,0.37086585781406134,-0.2669019337346546
824,0.6582731342987184,0.5360928600824453
825,-0.028734465681952107,0.126661948103578
826,-0.18563462685525353,0.1898523399583991
827,0.25159960634929196,0.05321263005091818
828,-0.4036154796008984,0.2000789144680291
829,-0.34929541169345063,0.04143372852394254
830,-0.09959837890559653,-0.060919116104991004
831,-0.008142206479352475,0.1012528098718928
832,0.5691404403351846,-0.23859344443700642
833,-0.5802968711228254,-0.1451775604313765
834,0.13544091336831623,-0.16183923565802708
835,-0.17999741459802004,-0.31428035435452906
836,0.03104474100227175,-0.04899522422775984
837,-0.12025396269071499,-0.02365621942764809
838,-0.04856818770144963,-0.054612611622217
839,-0.7313531994672545,-0.01508876248143314
840,0.23431670165911148,-0.18108053072083333
841,0.05420248553458429,-0.005541207013161464
842,0.02250269351650952,-0.1584676263773182
843,-0.12124084173922811,-0.2579093095459197
844,0.29807495740282575,-0.08858902704320028
845,-0.1289096109479314,0.17612012521390924
846,-0.044801066872797814,-0.49793054770532136
847,-0.22726840673426532,-0.025579350817261794
848,-0.5084424614151731,-0.31879983365024034
849,-0.3369528198596463,0.08732309049053473
850,0.17249760358817492,0.02012495891863592
851,0.05767950594906216,-0.16279004602202163
852,-0.2546806532558509,0.03683365215726368
853,0.22250357122564074,-0.06331019021225676
854,0.0448974477013557,-0.12157361903807974
855,0.03203855083007025,-0.05401256002263541
856,0.3132735791660985,-0.39539734281066397
857,-0.14987483504600346,0.19362173907352398
858,-0.5964819895819751,0.08349299520674935
859,0.2958290084942259,0.10281861245621224
860,0.43430588439012463,0.004965449383482984
861,-0.0838270029145541,0.20160413421766518
862,-0.3715801576940003,0.3995489221391104
863,-0.2577857491276106,0.015438291126279499
864,-0.1915673618087153,0.26004085049339576
865,-0.2376903697766971,0.3552211970072594
866,-0.3141165059698227,0.1990642547976249
867,-0.26341697281954213,0.114569473910192
868,0.2244945207193063,-0.1003778892950545
869,-0.4004277339638766,0.2656588354273974
870,0.07318272218454133,-0.22988375070737757
871,0.14981457757157443,0.44673621711548733
872,-0.4567992386487889,0.05076473421400695
873,-0.38121571902177,0.08887678216154116
874,0.028858841839134276,-0.5573689063698991
875,-0.09169015192238764,-0.1298239342243603
876,0.291572247285837,0.2682901931987203
877,0.37213698271920387,-0.2527131301867634
878,0.32112832448455175,-0.13893647304567175
879,0.5154612253885409,-0.28751941389265473
880,-0.30340725881005226,-0.10578271462944612
881,-0.04216243332014382,-0.05147060590803338
882,-0.16229407847536917,0.31458615580742794
883,0.18772355722946174,-0.31114032155811727
884,0.0377517213739445,0.2767531699092962
885,-0.04349661068384614,-0.16988471936275834
886,-0.05717727573986247,-0.12224724911320654
887,0.6648281677734998,-0.19416471831806947
888,-0.18535826752738294,0.20755198360490495
889,-0.6101351472646098,-0.0039181195650184525
890,0.07822380430719401,-0.1827840469003317
891,-0.30163967350194665,-0.22496594341802784
892,-0.4015424778634773,-0.11465446857543538
893,-0.08399206390387409,0.16894247287856345
894,0.21496069874987725,0.10479872106564067
895,-0.2664571195749846,-0.27264269728235363
896,-0.13144763485220615,-0.19986276508962106
897,-0.40739877474310715,0.17725169545433775
898,-0.2624252808337756,-0.11933651359093739
899,0.3991479123134625,0.3610953115029375
900,0.278803410523612,-0.08063794079204095
901,-0.17456347446956627,-0.09779715228006522
902,0.0005633379041969448,0.30727672202557027
903,-0.16772485959052455,0.02985120328163768
904,0.04748059473917102,-0.12982175544369134
905,-0.24239675696808044,-0.19773602885684283
906,-0.11470047644584058,-0.3985312722446948
907,0.7068714586917019,-0.25267374622810235
908,0.9468818627415975,-0.07633680450662682
909,1.0017421251993026,0.06990532338541251
910,-0.28656853871964855,0.12767697434349912
911,-0.25363823146120307,0.14892944479904713
912,0.4520578381200369,-0.1942283301944971
913,0.12854664317422357,-0.08569168510135103
914,0.6128256363069927,0.19903875449505776
915,0.0478688321594665,-0.13923511809718558
916,0.11942739873900249,0.06620832245655948
917,0.6822722286782859,-0.04504496404749782
918,-0.23301863763209074,0.07213049198262715
919,0.10269044517425731,-0.32289687722703736
920,-0.2168378175125379,0.19940659466173605
921,-0.3955785845204771,0.20388537628256165
922,-0.4338084526734343,-0.06312159759168724
923,0.35889871707228477,0.030578745767886016
924,-0.3481436212844649,0.019019712284056394
925,-0.13082548262122137,-0.14158600061469576
926,-0.03847524017947729,0.31337155374227393
927,0.08923850518211343,-0.204827223314449
928,0.42737173062862105,-0.030723653565302798
929,0.08469731622929207,0.17684368179684923
930,-0.013145423552137485,-0.25226052356838213
931,0.36870027542643297,-0.2109230166090499
932,-0.5054397844794082,-0.18161180247287845
933,-0.5947513260113992,-0.20298571559608683
934,0.4337189033961078,0.058224569185461664
935,-0.2985735218368865,0.2625420480635542
936,0.24806972500789634,-0.2793959148471406
937,-0.1757507044937419,0.21117212101079538
938,-0.052488073167150436,-0.14108700573085914
939,-0.18112410886249344,-0.10412825739717524
940,0.5742437851284261,0.1607570491672147
941,0.3511094354934803,-0.153481628122489
942,-0.4128270403763425,-0.05611587767035663
943,0.3213576746625254,-0.551648641452677
944,0.6205893302855908,0.39119055901013833
945,0.9288812048502122,-0.11706332454413335
946,-0.32760780664023353,0.052013782196126845
947,-0.30047997943169846,-0.2202501730582639
948,0.6025008411489801,0.3377589600636759
949,0.4856447066913167,0.13091762784876546
950,-0.5021819224905952,-0.13704965868370156
951,0.0795576134989478,-0.3084232267393629
952,-0.3867723574282815,0.21080217264721474
953,0.2268776543704882,-0.2665405790130102
954,-0.11493400454521382,0.11472920006602623
955,0.2956465847371717,-0.17803266317492838
956,-0.01853539168706681,-0.21027105260519977
957,-0.14143573345573288,-0.04619762168776052
958,-0.7562047057480608,0.0692437690813679
959,0.31884016670663073,-0.06363063738923223
960,0.11484519764378176,-0.05929268460475481
961,-0.40565459908227663,-0.06838667959716678
962,-0.14507902930751332,-0.021250323183925324
963,0.09137732937475551,-0.161321707941216
964,-0.062157626708834596,-0.0367405743698068
965,-0.3193467187571435,0.05544673378314883
966,0.14044933701278647,-0.2407673939581694
967,0.1687862240829498,-0.16785513586308476
968,0.3065283782811908,-0.05594973389266346
969,-0.5220848932909672,-0.0853323828251759
970,-0.28939901259171774,0.5075749560124382
971,-0.20001263726599974,-0.12777952059821507
972,-0.2745096861783838,0.06779044445001031
973,0.18899736896258484,-0.09662184073234344
974,0.1743935953916807,-0.19319797303386385
975,0.019917966311519472,-0.4451441606480141
976,-0.20513190408472315,0.45872030369742783
977,-0.41733812952837557,0.03168280017101235
978,0.04274132850741677,-0.1441406770529999
979,-0.45961989366514816,-0.22899418982555306
980,-0.6244944968753662,0.03729406117059132
981,-0.17720551343577898,0.01778775574938854
982,0.10018701508492096,0.07525371922900059
983,0.12116347340623107,-0.31854707324085185
984,0.28008444921578357,-0.21505952827546296
985,-0.2396444330810421,-0.07717623999968758
986,-0.35636167941696484,0.22854134372329377
987,-0.9569867628809458,0.02311287682760505
988,0.23882512882694745,-0.3394411612460679
989,0.01811277241932723,0.10263890580756137
990,-0.263292645290996,0.290388725355308
991,1.1187836028556937,0.2737009827783052
992,-0.07538403543878083,-0.1044430049263872
993,-0.44795192407886375,0.3983492637091197
994,0.30693646199293484,-0.22976621249614348
995,-0.18811971768019883,0.12406056918689654
996,-0.5460829509141091,-0.05291820475257667
997,0.18720217203058004,-0.3071367445716332
998,-0.3890658479559998,0.2698477079227652
999,0.4121117952292742,-0.12898409151230153
1000,0.5117828987947008,-0.07021301291773366
1001,-0.16712467793586874,-0.13459778793426438
1002,-0.7029221912925484,0.05838427918349662
1003,0.38257950382080474,0.37963981827505944
1004,-0.18421774775639524,-0.13590343350761686
1005,-0.2478162433037831,-0.0255021352365329
1006,-0.45223700180047194,-0.16281892560446307
1007,-0.2810446744950784,0.2594235489469494
1008,-0.2863035614646481,-0.2445960217990957
1009,-0.26982664702318426,-0.0021246471760429327
1010,0.3007991041444891,0.06167341585782856
1011,0.09373203362540213,-0.0920788693640449
1012,-0.3101203541581878,0.2169627427406126
1013,0.24508306167614266,0.18392942724238254
1014,0.16063763489512836,0.08378776096197806
1015,0.09801750193198855,-0.029218253120789003
1016,-0.47796999295321735,-0.06592037095351326
1017,-0.6561708112444927,0.4248300221092745
1018,-0.20304888109340263,0.23707717235073494
1019,-0.030444810064073402,0.01573286815960952
1020,-0.4252699741864533,0.24456642906776568
1021,0.8020531616357621,0.4732517236368375
1022,-0.2145291380756161,0.15746045755789248
1023,0.4011000655721061,0.32347351532646146
1024,0.6557399430599757,0.1224299897101713
1025,0.48811975332609026,-0.11981688380117766
1026,-0.7321976066959338,0.40037410686587543
1027,-0.3402969639967068,-0.05443214951532807
1028,-0.21380995054151136,-0.13519720962890108
1029,-0.3848861062758648,-0.17382304731211073
1030,-0.1184559758478812,-0.045156697305840245
1031,-0.5727473912920357,0.37230775157139123
1032,-0.1644168860094126,-0.012415434249563822
1033,0.047294662670021886,-0.007482559099184741
1034,0.4211022020146576,-0.5304464381604536
1035,-0.29849072099107565,0.13242437211867808
1036,0.30229703232472277,-0.13340813269101542
1037,-0.39358540153256494,0.02008565652950025
1038,-0.3583306920338058,0.07903668232808556
1039,-0.3648856394601313,0.3161139035763602
1040,0.33067097094262027,0.2983490249274482
1041,-0.27145951717881983,-0.061925626754731795
1042,-0.297409686073664,0.03614132065203207
1043,0.15146814696380032,-0.03680985276755279
1044,0.09666645013009119,-0.07761342392564465
1045,0.3341018000415545,-0.12166209553440349
1046,-0.08123284069814908,0.1476166873131303
1047,-0.08438469279384957,-0.000727845198315425
1048,-0.09017676969465677,-0.1256139331179667
1049,-0.15964377353445347,0.299628314190546
1050,-0.2132862878891083,-0.1882572365521841
1051,-0.5124782749474924,-0.07339660933782725
1052,-0.07610761456870244,0.1692456275796491
1053,-0.04249582203649306,-0.14345755009506705
1054,-0.0284715982153309,-0.1151368800088984
1055,0.5122783021458948,0.2656192621578332
1056,0.27340804003688735,-0.14798296303262423
1057,-0.2625012378365029,0.41959528844650984
1058,0.44748295186408105,-0.09104946548488836
1059,0.16284853823642348,0.3582350590304984
1060,-0.17276003708716095,-0.04583838846534581
1061,0.6166346275869174,0.4208899797572325
1062,0.14916221004670357,0.13385428123829787
1063,0.44855247061586967,0.04151336620460763
1064,-0.2470996450026795,0.09175536790289786
1065,-0.03965279761436287,-0.1664608274160254
1066,-0.20665762436839497,0.09149761148186396
1067,-0.23079081961757048,-0.38425532290913905
1068,-0.35619258199715836,-0.06670923445303287
1069,0.31600992064135014,-0.042482748227041726
1070,-0.15502843038706324,0.321665252249046
1071,0.15802390408910885,0.008916597389641652
1072,-0.347751146654776,-0.0681320398133825
1073,-0.14424337725748523,-0.3013244727535105
1074,0.31943484113154547,0.31600833558597374
1075,-0.7644305556568379,0.07626828014537097
1076,0.3464458883886793,0.04138421535149704
1077,0.2804619951755955,-0.0895794958024621
1078,-0.23576736083617425,-0.016377128628294074
1079,0.09155331701731614,0.04824376898371601
1080,0.1759102814723066,0.258138902158911
1081,-0.18729269771784268,-0.19154948728629997
1082,-0.6814635686106317,0.0020930247240605335
1083,0.30230865826283443,0.6461599307621726
1084,0.34473954660205036,-0.13771001772224267
1085,-0.08042875523072184,0.2901933117008233
1086,-0.029919281112810475,0.004741602369172978
1087,-0.03660924214471463,-0.09468378016010558
1088,-0.06905740208208883,-0.057131106998173496
1089,0.6463066672566447,-0.15198054644431871
1090,0.14547587971916848,0.07652644686812637
1091,0.16238357214794422,-0.26130621726602465
1092,-0.1810761924259535,-0.0032497467520701
1093,-0.22954888991096015,-0.09194766417485534
1094,0.2482974061771356,-0.2537818623357018
1095,-0.2625489204512102,-0.2502580192149092
1096,0.010157423559668342,-0.14049356262775128
1097,-0.3331674883574245,0.17184622601836877
1098,-0.27050519521905053,0.09136551899909716
1099,0.17755072974859665,-0.08432693944944715
1100,-0.23664908293553472,0.01030159768060709
1101,0.414358524289825,0.27488337400767
1102,-0.14100493832116323,-0.1567129560949124
1103,-0.2525592932869223,-0.07345856665592315
1104,0.17863401209077218,-0.38422255662548804
1105,-0.05864960954872289,-0.20127468853534888
1106,-0.08509400196583579,0.037453495000872895
1107,0.03010599580266693,0.6469779790225393
1108,0.06456998514536921,0.20090484498262073
1109,-0.3122730731527386,-0.4270279993193119
1110,-0.18563957856445756,0.048103620098818155
1111,0.20905319840719078,0.1239472191580474
1112,-0.44456895841841476,-0.047141937389752864
1113,-0.343146005090642,0.113820068961539
1114,-0.54686144485478,0.09093122422577606
1115,0.19766180425052438,0.08454822272028514
1116,-0.3707009412468453,-0.13784095772658173
1117,-0.04567255669329547,0.49936955399539695
1118,-0.14509903112769573,-0.18351196659876903
1119,0.2460539370926491,-0.24643944491049533
1120,0.24224651441363595,-0.23147775299855614
1121,0.05342583268740869,0.3984744166531777
1122,0.5756115381999594,0.5164267929973823
1123,0.07567144642916393,0.3152841421789128
1124,0.6334044408499349,-0.06069133887916813
1125,-0.21862551378680536,0.042161915450829625
1126,-0.37076766062424377,0.015848709483056275
1127,0.4330344212547273,0.0693452522868399
1128,-0.740405707797048,0.028330355203777937
1129,-0.1316718114575181,0.0523814984867778
1130,-0.28419344322819695,-0.1936823778222848
1131,0.2503831400687141,-0.01788884496801543
1132,-0.10524148498231391,-0.11173177742404906
1133,0.13855464811145488,-0.4310236220769669
1134,-0.09672293933153012,0.002762719903228797
1135,0.12689998563561541,-0.24803549128697863
1136,-0.137875518058146,-0.015376195882045775
1137,-0.21001328329483307,0.08133190951076066
1138,0.2800560664928009,0.37989419333454405
1139,-0.5094888494277563,-0.06505328421339011
1140,-0.35846919978087916,-0.24631594314949506
1141,-0.023501837065128633,0.27667211792795426
1142,0.1287575700127376,-0.14484144279021838
1143,-0.44759327159865697,0.012574540516039493
1144,-0.4144548789851612,0.12632635165204856
1145,0.1474023603434745,0.37601347873364893
1146,-0.10081312942924926,0.09799478338409583
1147,0.0033361589657457664,0.0008117071688225186
1148,-0.006904571654831949,-0.33307707287862487
1149,0.4071538255860753,0.658783358721634
1150,0.20699002244519527,-0.4626432996270651
1151,-0.5154550880061767,0.20886441093631986
1152,0.5337129281638748,0.08968636327593733
1153,0.4404481392074351,0.39101926311684615
1154,-0.2877035150963474,0.015111111141490339
1155,-0.2588977288521004,-0.17844624387396682
1156,0.2896876194186929,0.16630386258189517
1157,0.389459627506251,-0.1894134001461815
1158,-0.20505183322131834,-0.29801893750403685
1159,0.1808913801882386,-0.30743782787579776
1160,-0.07417349886728399,0.32916522900036577
1161,-0.12497826110845481,0.039922850972004494
1162,0.029297728282260523,0.19929126074358774
1163,-0.0050323386903284315,0.1393252429080266
1164,-0.19126757618635618,0.24052694114022025
1165,-0.5251760852955489,0.07422598937407007
1166,0.48096810631288883,0.21379198730484894
1167,0.19986716499017484,0.14602082529306765
1168,-0.5071166833296143,0.1237679014052212
1169,0.11771231091723913,-0.026632692566275953
1170,-0.12087136464387985,0.2893820783937534
1171,-0.06754326697965347,-0.2576239175961747
1172,0.1908737281938949,0.2978349609388576
1173,-0.08377301654565054,-0.1389042435957779
1174,-0.5004747376614341,0.2525006136677861
1175,0.012579624495197778,0.05974204515427293
1176,0.08613233216781652,-0.32115413595339093
1177,-0.005361404024305947,-0.2717845682148789
1178,-0.21485581761055295,0.055331904566809746
1179,-0.5055878345018996,-0.17000042173539348
1180,0.5228241147816448,0.051849361307395724
1181,0.5155553145574326,0.09758159541906626
1182,0.4947245051953624,-0.13894438764986233
1183,0.7335975053311622,-0.011448986002951602
1184,-0.2930356047439063,-0.2077604565365436
1185,-0.37006104365613157,-0.14294556672542597
1186,0.5760184034192998,0.4327992109805631
1187,-0.34805027842234865,-0.18870859964700276
1188,0.011167322399034785,-0.42383178524568743
1189,0.07096242832251141,0.14023568913332138
1190,-0.03274346646154746,-0.31346145476841397
1191,0.3114968626316149,-0.08576646865146315
1192,-0.13304931669514575,-0.0986860445489479
1193,-0.25630346291753897,-0.041766340793108245
1194,0.40436791339750283,0.38702591426670346
1195,-0.35429722838663286,0.022552308846163813
1196,0.0557730772420509,0.5579417679476013
1197,0.21505655285041372,0.28783227443783405
1198,-0.09271924473277747,-0.17720126015355397
1199,-0.5027131870211671,-0.054356148987986436
1200,-0.7256913811099834,0.6554646230330251
1201,-0.35389204695180904,0.17607084954613064
1202,0.09355509479341934,-0.1982036021202786
1203,0.3069664985467722,-0.00892834985910057
1204,-0.2111403376991802,-0.10846109250305541
1205,-0.25551029186985313,-0.2826799038901778
1206,-0.14009366901748924,-0.1429957058064966
1207,-0.14116012889826282,0.07621488438303702
1208,-0.22747491371335898,-0.08379576669289616
1209,-0.22582172031508455,0.24705785860810134
1210,0.37797996872262,0.01668936325315888
1211,-0.25694945903440664,-0.043952971991620085
1212,0.7469827650109516,-0.11959300880857608
1213,-0.4659085826598559,-0.05649387377158742
1214,0.18597162117429605,0.48938373966077514
1215,0.20952909294150157,-0.1264972491719135
1216,-0.164874505950453,0.10941017031766415
1217,-0.2856195865238506,0.15996948673935657
1218,0.16703198450477738,-0.30397327661635504
1219,-0.019368753767727565,-0.18035070301930498
1220,0.34424605243049605,-0.1149749722748701
1221,-0.4934488067754115,0.17707427049816177
1222,-0.4343545372166169,0.42870016854906723
1223,0.14059528663304527,-0.2018148730393698
1224,-0.24430305495777643,0.08459028306131558
1225,-0.21577794121457808,-0.1726237157915945
1226,-0.24168320719387568,-0.19783205118055944
1227,-0.2843552967340888,-0.19697005310544077
1228,-0.25709393054271235,-0.04186451427955039
1229,-0.48918366089282367,-0.015242476354766757
1230,0.3171388003941993,0.39037637346305754
1231,0.5009576809763833,-0.2074923139063107
1232,0.07951774738286456,-0.16349776976205233
1233,-0.3154058345235408,0.18707049181782845
1234,-0.030364413109984133,-0.22102565315256695
1235,-0.5661841934634518,0.17220131331954547
1236,-0.490673031799047,0.1545273887410886
1237,-0.41610304837431655,-0.16034360881481044
1238,0.0160999031206609,0.612874568444795
1239,-0.41193534487283795,-0.18651955558857275
1240,0.1267170552815214,-0.09664628435285148
1241,0.6016637967567924,0.28800297283369836
1242,-0.3240699875053977,0.21030907193669435
1243,-0.27427432522215817,-0.19313992203476466
1244,-0.09456269784255628,0.20585380978743675
1245,-0.296339135908769,0.5296771392015599
1246,0.22702876672325284,-0.3147391329840663
1247,-0.5770900193404742,-0.030031204328407675
1248,0.02099248512689988,-0.41068774195649843
1249,-0.36149190706942136,-0.04124066682788231
1250,-0.5174492770728627,1.9145683891291132e-05
1251,-0.48517342444688555,-0.0260235774548317
1252,0.038774285971251904,0.2059200501520304
1253,0.031269704928893235,0.07513517612231803
1254,0.49688927853017345,0.1610419598703901
1255,0.40698969014771347,-0.16591071364047028
1256,-0.17166938121001893,0.08993445562369372
1257,-0.06687966469966497,0.06680998469558753
1258,0.26691387693123386,-0.052231952611999616
1259,0.4483140577434573,-0.2622414380508046
1260,-0.10039929863167321,0.031162935816794482
1261,-0.5965288612964973,-0.026989501316415258
1262,0.7430476784598868,0.3793068926837366
1263,-0.36456797567341387,-0.014171823842179689
1264,-0.03844610412076505,-0.2497160027545396
1265,-0.5876182405785227,0.02065610502558263
1266,-0.14327104337303934,0.056867241439014185
1267,-0.06375286695525952,0.27747163998709146
1268,-0.017939321606536482,-0.12969269916523543
1269,0.33844273217219556,0.08241127102269427
1270,0.5332340879230704,0.2447964973784257
1271,0.5408814222196583,0.49898390372282375
1272,-0.47737477886875374,0.051297650408939646
1273,-0.11522947100363076,-0.2762857819183742
1274,0.39359669055117047,-0.27482573788974635
1275,0.06604316036635947,-0.10923362538520505
1276,0.4492142002729275,-0.3605097564679681
1277,0.22673740699640077,-0.3166350808942786
1278,-0.06170922719294349,0.450063415959068
1279,-0.2705572569066402,0.44750766508516726
1280,-0.2694081470566723,-0.07417859741319469
1281,0.3417065280407935,-0.3281842399387025
1282,-0.3642832770636657,-0.2017041011536349
1283,0.7831800489722786,0.12877886352482684
1284,0.2023974098485807,0.5629362197172146
1285,-0.008557268331191211,0.7277454314898572
1286,0.12226859725787785,-0.3604895775643874
1287,0.5279061476412055,0.0012585623724042888
1288,-0.21184010887455326,0.021785253563039366
1289,0.10852806647631644,-0.38226111032738536
1290,-0.049583172909305154,-0.18309602617698045
1291,0.11977916445570189,0.0009618979191502886
1292,0.16296372189944391,-0.28100387308985353
1293,-0.4278892481049992,-0.09013063068813217
1294,0.762400252355631,0.12365909641500034
1295,0.10688702395598587,-0.0429778394172532
1296,-0.14700208123400338,-0.282262669467871
1297,0.4936969600525338,-0.0645357077686341
1298,0.4686962180323317,-0.0007307048704923566
1299,0.057368312331292345,0.01827772517104394
1300,0.38533543861357056,-0.16111440620390913
1301,-0.29648608689551736,-0.01858441948223816
1302,0.4658209951996318,-0.2539676073295907
1303,0.28697746666911933,-0.25333126644231707
1304,0.6130453102224401,-0.2734070379958249
1305,0.6452045889431213,-0.2730982117455428
1306,-0.2730808667441832,0.16268004260619462
1307,-0.010348930776161936,-0.2384918226084535
1308,0.12858014185484903,0.29303678398299343
1309,0.20101967050835454,0.17677318809475673
1310,0.160324248327927,-0.04593398202049516
1311,0.06252550879820293,-0.1718168747409978
1312,-0.18204924639217376,-0.13253309584845416
1313,0.27952917355158186,-0.3292106203662398
1314,0.2800640607049527,-0.13600823025655695
1315,-0.1385039438850585,0.09211674924271554
1316,0.5333694725783542,0.23185055522559928
1317,-0.04883224269190469,-0.24771773317045215
1318,0.5398540323183347,0.1791847239623214
1319,0.5162913178585269,0.5517338702120731
1320,-0.20692758487630064,-0.05241772072898271
1321,0.013359290456977972,-0.39193699764365686
1322,-0.51452592458225,0.10123142151005034
1323,-0.10562338820828664,-0.19775916156005252
1324,0.11133289059406927,-0.31615905609209255
1325,-0.0889769256918594,0.05506979192023402
1326,0.23336698728615135,-0.30737493038056746
1327,-0.03603542295438082,-0.16730440817273717
1328,0.13639040946281192,-0.18246628860843594
1329,-0.6132011210147992,0.006086289309166125
1330,0.22483240419923872,-0.2986119490473147
1331,0.5523141169255145,-0.05111334296989613
1332,-0.8588674724537938,0.10948368440781044
1333,0.1414616141313769,0.06010174661022517
1334,-0.05471274144267791,0.07949992956580035
1335,-0.45763562160045107,0.24918729328394645
1336,0.6165724740309134,0.4182719972742135
1337,0.43482673490072005,-0.3214049168914077
1338,0.26926153961924204,0.38229411117348916
1339,0.08065552441965439,-0.1729745841399733
1340,-0.23209366704536344,-0.13780455753323917
1341,-0.8609484948616773,0.20290992881316203
1342,0.9423988893190021,-0.19698030951569687
1343,0.33354978407078795,-0.4449060067696019
1344,0.6639747571967942,-0.05902276453293498
1345,0.2543319382059113,-0.41899927363612277
1346,-0.3550494491872206,-0.037162213955893954
1347,-0.1800384428629072,-0.14254488566924
1348,-0.3002572801742446,0.1412731985350001
1349,-0.34251680473200546,0.46893772994002314
1350,0.28630693722171846,0.2564140665381933
1351,-0.31091832448828094,0.051869095971607104
1352,0.5371658120809193,0.1438273091837103
1353,0.32685611558790956,-0.11003059667902797
1354,0.45622392994702166,-0.06274470056451578
1355,-0.6427375050292096,-0.1225166515049345
1356,-0.2811249168596784,-0.20406910484998106
1357,0.25813399070217663,0.2952308253780915
1358,0.3080844620262949,0.15751864130223214
1359,-0.32840992421179405,-0.10723666298943024
1360,-0.5246200729842136,0.2895868360409309
1361,0.43580239315206387,0.000967492622966216
1362,-0.2719313953131843,-0.04111591644414183
1363,0.11049101049435844,0.02779582326124059
1364,0.152626714751211,-0.1609225758487752
1365,0.9064318985466583,-0.21949009542148532
1366,-0.2346134768826623,-0.24022137788012796
1367,0.2820748835685904,0.3232126217438605
1368,0.2672756289428058,-0.19137351024248722
1369,-0.8560867211524618,0.13487018642427218
1370,-0.1628441453551313,-0.2700990153534882
1371,-0.818709713927108,0.35344344808016676
1372,0.0940127832354873,0.2020712861189465
1373,0.3944830433822751,-0.3019296977934636
1374,-0.09506327559854191,-0.13363248137353512
1375,0.030535941082655265,-0.18174652561821597
1376,-0.027010774093108068,-0.16279673885849844
1377,-0.22875868632407328,-0.030550034105807363
1378,-0.25765043140163146,-0.15393437839582313
1379,0.47503604045563513,0.11648440999363889
1380,0.36322335630569774,-0.2059633397173875
1381,-0.16355335908192825,-0.125803052907921
1382,0.5856647570090726,0.02417287501743144
1383,0.3112601119412427,0.21005038935653045
1384,0.07433878578464415,-0.3045685858907268
1385,0.4469528293006412,-0.09263854093659414
1386,-0.5172438194067317,0.20522807541187044
1387,-0.3808945746997936,0.23571069915948056
1388,-0.0300375659206285,-0.29857298399191334
1389,-0.512301982905362,-0.07630674513771697
1390,-0.23461419734266226,0.14816774344446704
1391,0.45933978080571647,-0.2126875475518636
1392,0.02268332747929961,-0.05757570698298894
1393,0.9426606902645396,-0.04173345305026425
1394,-0.8890273147418886,0.03407664540811681
1395,-0.24890071456947857,-0.09745565160015358
1396,-0.09800905609705128,0.3389162131312223
1397,-0.38721566935947527,0.054199308517796835
1398,-0.4808570098432892,0.12843335330185982
1399,-0.5214162281966179,-0.426851784904715
1400,-0.3239944318444804,-0.06034253950281437
1401,0.7096632216127103,-0.15728244539872346
1402,0.26394251369027516,-0.17449977261527277
1403,-0.493808101710451,-0.04174567122033384
1404,0.19913919396635785,-0.18876178435781577
1405,-0.343073078093252,-0.2718260474510829
1406,-0.32704907159183727,-0.022002809812290473
1407,-0.1976333977648584,-0.13331733507838192
1408,-0.16736149020026567,0.06015394292615031
1409,0.3643740061132623,-0.1356109448877619
1410,-0.10896942669864372,0.6389572093258099
1411,-0.1024682717553694,-0.1843388260673209
1412,0.9004562432277142,0.4398237948863115
1413,0.5726647437119995,0.36747274602493796
1414,0.22810797557719184,0.010117564433062358
1415,0.39952162834808763,-0.0170743758629646
1416,0.10600676577984113,0.1778072690143656
1417,0.13812467640106907,0.10960851105477004
1418,0.03609640703724866,0.03217047580468139
1419,0.7889351291179948,0.2949865118884323
1420,-0.22449472206334992,-0.061381452883890075
1421,-0.2892067989827876,0.05276224272498128
1422,0.6940051347162837,0.06755037186439103
1423,0.029417393650043203,0.08308569997008354
1424,0.8969068679493796,0.053868989428717165
1425,-0.2107665970019035,-0.19908385304871232
1426,0.28503460231137484,0.20486921965794205
1427,0.32716037836471656,-0.044501766098034606
1428,0.09686103902378926,0.07273730344552919
1429,-0.13815165612900854,0.15564493476403446
1430,0.18153065810107027,0.1957468313933727
1431,-0.6430563326791593,-0.02526853772070597
1432,0.3043191860298991,0.23378986126614149
1433,0.21957684767374686,0.11271685638127837
1434,-0.004269494708565657,-0.1349980638360685
1435,0.3972987047171406,0.2737049601451001
1436,0.4647812872020823,0.43822694028796
1437,-0.22420115308274843,-0.19904248242963182
1438,-0.25336701351876295,-0.13901333515309938
1439,-0.4129417300997327,0.035342102958708
1440,-0.3456201517564371,-0.09104396425249367
1441,-0.017563539348044884,0.1397879021155337
1442,-0.05843838061517007,0.2321504182744888
1443,0.24429818067747927,-0.09617440771244207
1444,-0.5417568688700946,-0.16266067955428007
1445,0.15248369800709197,-0.1323364497051636
1446,0.04841674420433577,-0.0951043558268449
1447,-0.2261294791228124,0.1522212864530649
1448,0.6015506299635676,0.6721959979670823
1449,-0.5151462983575895,0.22924576811287337
1450,-0.1931791743083568,0.02982558046165072
1451,0.33382856415560463,-0.15995235943902897
1452,-0.05029671415005061,-0.06717729753032864
1453,0.06387612056356888,-0.0822190543465483
1454,0.33644888159512254,0.46631074738286954
1455,-0.352823572068525,0.2820387189188216
1456,-0.23353122045071237,-0.2893543724789534
1457,0.0850196925915633,-0.13334865004158514
1458,0.36410551358866505,-0.05134791888016625
1459,-0.46143232656781136,-0.16506459088097522
1460,-0.2778594625270016,-0.10472611198118582
1461,0.25515796452684975,0.5123947215465774
1462,-0.04854963247755275,-0.08541442698918261
1463,-0.010978695548949844,0.46274827792730516
1464,-0.1061348079996006,0.03793397048445537
1465,0.3909286522890273,-0.04819707081834829
1466,-0.08871927244023821,0.20242545075643942
1467,-0.17241460407738038,-0.12131015616295508
1468,-0.009291205851311263,0.21578780316269208
1469,-0.0976033080095628,0.12949484609321688
1470,-0.09122783360852464,-0.21886104832505796
1471,-0.07534064211345161,-0.1137874287598963
1472,-0.10613074423912207,-0.035105441103437746
1473,-0.007911388271699276,-0.2114420418185641
1474,0.31133968301760245,-0.1437600792121812
1475,-0.1504623280264881,0.0862166483565767
1476,-0.010251898471206564,0.14661412859708972
1477,0.09599580050040848,-0.10222620710407293
1478,0.9950331793178507,0.2540884389225338
1479,-0.0885382538420068,0.0061128766591892775
1480,-0.026925472308202112,0.28142986839647777
1481,0.21785265599942913,-0.04684169529815487
1482,0.7016891299028741,0.22592607885259594
1483,-0.19478132318356461,-0.23780660284453756
1484,-0.4633217303427844,-0.033931758513648616
1485,0.021118715693900413,0.07295635537708486
1486,-0.3033273175308682,-0.07070804996422941
1487,0.0525498882407148,0.02721063983188471
1488,-0.43727034568608397,0.08058901514347953
1489,0.006034878590098799,0.2097287186580844
1490,-0.27266163742428984,-0.17198219575165927
1491,0.10803951953350122,0.029972828442401768
1492,0.04816456089308013,-0.02520464313480261
1493,0.19625931242563444,-0.5315318919266478
1494,-0.24105703331866973,-0.19166682461385465
1495,-0.07848519677362426,-0.14595148754063747
1496,-0.7185053867838296,0.1885845315161571
1497,-0.12861206558652233,-0.0755049430656513
1498,-0.041325079238648796,0.3606832654964972
1499,-0.09725942661419038,0.12430265684621623
1500,0.07409141273399786,0.5007193743209518
1501,-0.33994529723801764,0.04602157079485237
1502,0.051382226107780156,-0.2558289235292368
1503,-0.26995316033556976,-0.19283271515551093
1504,-0.11548713993778185,0.08669860996345377
1505,0.07802974131665442,-0.058262750045345056
1506,-0.2603065085999916,0.07538309563097728
1507,-0.31776030070475125,-0.06268400124105686
1508,0.8650868619415771,-0.10709188367764096
1509,-0.20073102109994553,-0.09115963782693513
1510,0.10863506877342753,0.17417015725394056
1511,0.6678690819398668,-0.003575512099267173
1512,-0.06913874050280258,-0.10622128432653047
1513,-0.22163836492882788,-0.21184376496387966
1514,-0.2945772507370467,-0.16539029190892443
1515,-0.33023208912239954,0.05475323718988166
1516,0.31477383592244673,0.0669105049797522
1517,0.16532924018718767,0.2824171590526531
1518,-0.03192202492697079,0.09483608159245979
1519,-0.10313577452968635,-0.0948720209179745
1520,-0.049904003330799473,-0.09184878393230299
1521,-0.1598833930048706,0.08216129313985851
1522,0.3399610094758008,-0.055172138025745644
1523,0.372665223196006,-0.11385273596639406
1524,0.4939229144220134,-0.26625030838925573
1525,0.509557830216415,0.09134888155086597
1526,0.03395839946153591,-0.2521225289490555
1527,0.1387316285357871,-0.04157146268638027
1528,0.4634244004441499,0.05526526270170258
1529,0.33335958313903286,-0.07100879379489837
1530,0.07561370626182105,-0.37307814260703526
1531,0.283630491422555,0.028016931660570805
1532,-0.23182338743000344,-0.21239362854524307
1533,-0.2725212784787779,-0.053789051644146095
1534,0.46333683835957185,0.250357932613766
1535,-0.2958456307184365,-0.08238614921927113
1536,0.11043292096819131,-0.2340301806686234
1537,0.6953809659101418,-0.1495992026588614
1538,-0.3812837316289206,0.08347027611016049
1539,-0.13509401731078632,-0.020756895805638467
1540,-0.328224856224031,-0.009803641121481702
1541,0.24068719996992258,0.1309393608243898
1542,-0.06967271461344185,-0.006101411137568361
1543,0.10389314087984798,-0.08267830206755812
1544,-0.05639621289564109,-0.19447789726711265
1545,0.08517198280375038,0.5773923794015291
1546,-0.15035718650155197,-0.26167239548342436
1547,0.2074686759178808,-0.220853838993123
1548,-0.4935744923585145,0.26540323666062204
1549,-0.2982462430817409,0.016436001677723723
1550,-0.15083068256114857,-0.11023861966590237
1551,-0.4745277368659959,-0.14658867974329262
1552,0.37545687069096834,0.49947651549293637
1553,-0.22368483954290116,-0.14783659195950563
1554,0.2648643398043262,-0.20534024651129917
1555,0.8613813894635541,-0.07300792912687477
1556,0.3688217410350653,-0.16351463503449024
1557,-0.2621663725085351,-0.05210214520067466
1558,-0.019020512753787525,-0.22793762324236394
1559,-0.35296923587990053,0.2124043672828863
1560,-0.37438075300678775,0.07285113644307156
1561,-0.17645945194396567,0.09171912300936716
1562,-0.37108025590441335,-0.048243561424709175
1563,0.06132720959595106,-0.10377585784685091
1564,0.14887656355768653,-0.056618394457848
1565,-0.16258332050922022,0.14207560756913235
1566,0.5227869580024394,0.07730671800884104
1567,-0.296297257773725,-0.12133846088289403
1568,-0.1720960266018806,-0.44061441256758793
1569,-0.168303931510616,-0.16328258418571148
1570,0.7151058445325418,-0.17598596618579132
1571,-0.4295868348155744,0.05503034858501489
1572,-0.21637506485436359,-0.22517387761732333
1573,-0.15061292731132944,-0.1626659751546797
1574,-0.3222695461335227,0.07134244950944788
1575,0.5462876004010184,0.22644056367695675
1576,0.12874024860742772,-0.08115250377386304
1577,0.1806398967928148,0.07919654782361184
1578,0.6334983777495107,-0.09919029892084702
1579,-0.18936172510084703,0.24556406014304705
1580,0.2638649629307202,-0.3109693555322069
1581,0.0501089634075604,0.07216643122312441
1582,0.5582556412282415,0.6184055236846575
1583,0.45986086203694054,-0.12950081027268656
1584,0.9420357007325723,0.3537778429630652
1585,-0.581672783520099,-0.04845331931486061
1586,-0.11516344763350557,-0.026114975237816015
1587,-0.3239169753180511,-0.15586458426771935
1588,0.0847303985290916,-0.04934628843791988
1589,-0.12548596608565674,-0.0652164294166684
1590,-0.4402502013522721,-0.050307369969961206
1591,0.4403285022971351,-0.14592979303880554
1592,-0.20538963549809577,-0.12422129163056742
1593,0.21647923671785524,-0.1756805006789262
1594,-0.22001703346332085,-0.1254161117865249
1595,-0.2420858087745998,0.22345097948136575
1596,0.9052207979736943,0.2591269960346326
1597,-0.2917477545145685,-0.06508240027228572
1598,-0.8855219996847377,0.10363408054646148
1599,0.14726483714625876,0.1150908789579563
1600,-0.7508656794560163,0.24803111676872694
1601,0.34810265651470984,0.39540081531229754
1602,0.11785349263078071,0.27252254158940203
1603,-0.11784961164157169,0.22723277391533955
1604,0.14648192897757878,-0.04055804765260359
1605,0.4323986633341518,-0.012300464501617028
1606,-0.13122352498658027,-0.12010579258446252
1607,0.6656786537970905,0.042553826940405395
1608,0.3423850017676778,-0.3499107354491827
1609,-0.28158398785000505,0.13043494719433554
1610,0.20115837715045976,-0.15771021541014751
1611,-0.2041348947345736,0.09732835646827225
1612,0.2679582241943014,-0.004934223924971187
1613,-0.3795471851502828,0.049087045838343425
1614,-0.34304034682644763,-0.15393400073096622
1615,-0.2097960600524985,-0.07021708594186951
1616,0.6413589886336164,0.17686545358151268
1617,0.13308925089701437,0.08190731426372422
1618,-0.07510977866861694,-0.2755147236351023
1619,-0.3187914659357127,0.012294270407723079
1620,-0.10921964122632903,0.20474987728500965
1621,-0.08130306827277256,0.06417294731479373
1622,-0.3186982332431384,0.10349536795351527
1623,-0.15526746515352463,0.028223741503189504
1624,0.1454102166619584,-0.14643851936551747
1625,0.3035304632390505,0.16805109110109942
1626,-0.2417242506706809,-0.020395978474315447
1627,-0.3518725295366811,-0.39451424079788305
1628,-0.4917432730658347,-0.05105933930260924
1629,-0.468697454136059,-0.04754816527995883
1630,0.10362730629863186,-0.018438317780766236
1631,-0.327866395158498,0.09305625063651572
1632,0.031079651873853063,0.20996837436534013
1633,0.02770408856598181,0.05207022486925373
1634,-0.20366754252482216,0.17817709935941153
1635,-0.5891661137390989,0.03454433828702505
1636,-0.17768634291243604,0.6411221178166565
1637,0.5728265198973616,-0.3262084290887797
1638,0.011811526539592816,-0.06975070921041115
1639,0.35191245386965614,-0.5110717049616544
1640,-0.09814310637617911,-0.022804553611331876
1641,0.027072376714976885,-0.19236214089097498
1642,0.13877239464167423,-0.03599220734587908
1643,0.1033117376726934,-0.2142034816406584
1644,-0.3543317815417049,0.04202898556588748
1645,0.31365093936763644,-0.06595359503300745
1646,0.3524477194022191,0.03460178245249214
1647,-0.0964563625247407,-0.1536644889734329
1648,-0.3486723726077931,-0.024263945676701044
1649,-0.5972533451221087,0.14575400691369142
1650,0.8887147637266474,0.2081388011750571
1651,-0.10417820993744448,0.2010791653860582
1652,0.1490782122308028,0.039495834862602365
1653,0.3195565310543432,0.34930549131030053
1654,0.50906706162022,0.1671557268443292
1655,0.46115915184101436,0.17375512359984024
1656,0.5661044742559794,-0.296065657655346
1657,-0.3930405840160589,-0.020527149021163045
1658,0.1698753149052677,-0.34187636225219514
1659,-0.5009104311136575,-0.058273092084196336
1660,-0.19582792798754758,-0.2271834003070801
1661,0.3519396188726781,-0.12443096544011392
1662,-0.08547777939754733,-0.05774902586900005
1663,-0.052787755346184934,0.008190827725490889
1664,-0.3446576680817237,0.1617215057963468
1665,0.03863214490184291,0.6145387030275149
1666,-0.23464681942226448,-0.17117767174652473
1667,0.22365266967219463,0.1620164805670181
1668,0.3112262412878764,-0.063352637256112
1669,-0.20406705194027358,0.3188239831687906
1670,-0.19994562505880117,0.1103808768198124
1671,0.2485309597902098,-0.2563458275079423
1672,0.41410464016914345,-0.2774265540406877
1673,-0.6741814229888203,0.027421104009257305
1674,0.17967301209941913,-0.1380279139484596
1675,-0.03965883396146778,0.06637971689243535
1676,0.3304654405065847,0.3758871159169034
1677,-0.11256024142661648,-0.2898751584327138
1678,-0.5662671987025182,-0.07692989722794596
1679,0.5998878991482659,-0.056087395932868954
1680,0.11752747225432437,-0.10755569017000306
1681,0.06571860940478719,0.18399968857931379
1682,0.34213018847245824,0.09653272729960974
1683,0.5020792270936829,0.24409011607775694
1684,-0.2233682650367821,0.05851987311431961
1685,-0.1758845608714044,0.2094223674466873
1686,0.06282098066470565,-0.12621906008777717
1687,0.08545255715763461,-0.22898727489133056
1688,0.19329339300439838,-0.47588610775757967
1689,-0.14398894825500852,-0.28403541783663155
1690,-0.6721602952762119,0.29752355547459336
1691,0.021403016796912613,-0.232879574015963
1692,-0.1036652483366123,0.15566831358514766
1693,-0.45290626178604465,-0.09309585744573465
1694,-0.16515998975304738,0.0828549994689927
1695,-0.370052795552926,0.03212692321342988
1696,-0.053911930635851084,0.06376635184363597
1697,-0.08388150678360337,0.14174861060229751
1698,0.04689563020238,-0.11387058981073268
1699,0.6951629639089377,0.3560911178508256
1700,0.10967010551694971,0.5017287826689988
1701,-0.030985306940470466,0.001982762793010314
1702,-0.1745234655020277,-0.020419911533002648
1703,-0.17606329709827048,0.09610765496267229
1704,0.3865290668925099,0.015000535282875078
1705,-0.004779808750531082,-0.0977252860597816
1706,0.4098821346207334,-0.072318797110243
1707,0.3542102153784056,-0.12769160382183034
1708,-0.028503848432757037,-0.17242722252529183
1709,0.21501570402047496,-0.18548363987603714
1710,0.3693232001655163,0.7341492281245569
1711,0.15569340684182398,0.07416762534761681
1712,0.1830630168858844,-0.31803343942968376
1713,0.613701826594615,-0.3432697655077637
1714,-0.06366369090990188,-0.03995575769893697
1715,0.731577832794786,0.3422328764901121
1716,-0.17308020823933012,-0.1099381795413584
1717,0.6660092651389565,0.09884715884566732
1718,-0.4206996011438386,0.22139419346896902
1719,0.7518337082193924,-0.1195898915817367
1720,0.08324899596316217,-0.08932238013094007
1721,-0.04315883408665649,0.25902566331658183
1722,0.32403453182988246,0.39932193806013605
1723,-0.1445124550888567,0.00450559318153788
1724,0.02673288916581511,0.8687871655325632
1725,-0.23557520082647218,0.03378404305890761
1726,-0.19615825730771708,-0.2652537805891751
1727,0.17575541156830635,-0.19761020032498725
1728,0.11155695884561373,-0.001434386733652149
1729,0.45289672459839253,-0.17993117595228422
1730,-0.5565203043880161,0.07911978929989036
1731,0.7086982773188956,-0.1910044604358822
1732,-0.3710555472652715,-0.026895364022289394
1733,0.2159831020477762,-0.19410923952147335
1734,-0.2130942134111935,-0.10746728923013793
1735,-0.6909032623682213,0.04143973555282205
1736,0.25195682192087515,0.03516254878389203
1737,0.07744784505774474,-0.2224426466957474
1738,0.005669719237221776,0.13233385829407876
1739,0.48314685028532406,0.20536005910320895
1740,0.1020852209186382,-0.5175021177831592
1741,-0.09249014855956045,0.009789727958246137
1742,0.6208059080244818,0.2334607107106734
1743,0.27634795946401497,-0.2594222582079579
1744,0.16295569510919555,-0.3152576814873995
1745,-0.045378400183383835,-0.20070474882967446
1746,-0.10862602913878325,0.12280176756619787
1747,0.016077746249602846,0.22801877612524368
1748,0.06652771191547781,-0.23387039975883764
1749,-0.2792689580192569,0.07382317507491404
1750,0.3710054361060571,-0.31290866642685705
1751,-0.23419008771591515,-0.10827319137429435
1752,0.14750238246975922,-0.19612361416003124
1753,-0.11210409073907812,0.2600269492739568
1754,-0.12975923685575685,-0.36296582908273745
1755,-0.32971245243840774,-0.0662271983311784
1756,-0.2269440820530719,0.3994104534414469
1757,0.3770154821155233,-0.16002046470192768
1758,0.4186563057340118,-0.31621314417899954
1759,-0.6214881352635888,0.04890283959231988
1760,-0.5403224575117282,0.09476097479988718
1761,-0.07066270917917293,-0.11174473747901152
1762,-0.5747344740385093,0.03421483524614169
1763,0.34969773395395987,0.0345217136555488
1764,-0.07235417607144286,-0.03244408910488288
1765,0.4819766230793307,-0.3328972427682028
1766,-0.16157188753447235,0.08713459826135053
1767,-0.3681255902330524,0.09311657784621155
1768,-0.11159256000595638,0.3296473446457726
1769,-0.09221734183819608,-0.03739783556476697
1770,0.6061040527843365,0.2118304736966215
1771,0.12010655795747226,-0.25607675511353606
1772,-0.35304130374708664,0.10807653866565956
1773,-0.21759839329886968,0.15867013631850893
1774,0.11532446112184948,-0.06840236590607389
1775,-0.38274699683048236,0.013159190306146198
1776,-0.07791705170713675,0.0892391142191089
1777,-0.22951123874179086,0.09474731212126733
1778,0.4881283695559414,0.22489515263201423
1779,0.6127770838700012,0.12654896597312223
1780,-0.021597056151891645,0.21927866832636134
1781,-0.5458164129204774,0.20914127138614824
1782,0.12208418877146472,0.12162674072962955
1783,-0.08334496855628544,-0.21946936974516434
1784,0.2096921843617467,-0.03494587979394512
1785,0.13658312249416915,-0.008554273555479481
1786,0.18300636308261956,-0.07871239897010397
1787,-0.23048886670582439,-0.11614337357766578
1788,-0.10719898123492577,0.1067806958737392
1789,-0.28246697410085736,0.024699739048566618
1790,0.06479145006541663,-0.16245106565757922
1791,0.3463614905637574,0.41219414128826
1792,0.08601621227502092,-0.13554559158289367
1793,0.41941653945544694,-0.017072936372204445
1794,-0.6141057096108425,0.04019755308246225
1795,0.22952802569026487,0.05529269710139936
1796,0.5020004780709082,0.3206541952554595
1797,-0.500725692847623,0.1487574578871972
1798,-0.4374611287697902,0.024707301942162755
1799,0.1392913024024471,-0.27456082873517385
1800,0.09061922902575044,-0.09849937359591583
1801,0.9557149478626452,-0.20002213244716402
1802,0.13669588889743897,-0.3758796593714674
1803,0.4356677132127695,0.2972071723325016
1804,0.3609039341138339,-0.11526601504774496
1805,-0.038260116307899744,0.3178063600654969
1806,-0.278179183883821,0.07116802166534973
1807,-0.2810457704175246,-0.2611501710455339
1808,-0.12825992517740714,0.23837411410133097
1809,-0.18252384204432442,-0.03628796911230232
1810,-0.19210133231908597,-0.05544316013085987
1811,0.6312830676930139,0.4573844549786271
1812,0.131817592915952,-0.32521354609265735
1813,-0.1061301119851907,0.10461213453968551
1814,0.10033253962622751,-0.23024987316098777
1815,0.4404991550253368,0.07529166583065394
1816,0.43533494658460326,-0.17869722085789497
1817,-0.3260742344273326,0.08523136645346314
1818,-0.36723915273006325,0.07969493624336438
1819,-0.2232832327318984,-0.11577968106320335
1820,-0.0100200609368221,0.2720134358086995
1821,0.24814343720156998,0.012379941390899391
1822,0.09170715076437456,-0.2709284101460132
1823,-0.3790052603602779,0.029670554206332828
1824,0.3797398747888678,0.46118362237972854
1825,-0.49422377677299023,0.3315560245923527
1826,-0.3482345712059373,0.15918148787624753
1827,0.4098212057095538,-0.1038478495437795
1828,0.0941879165576021,-0.026543705726974433
1829,-0.18739824636206578,0.41930585089117905
1830,-0.19852258200331765,0.14646992240005707
1831,0.04106335077769164,0.012542265623729964
1832,-0.2478426127085749,-0.06864789170832368
1833,-0.37048629082894574,0.20757104232619247
1834,-0.37805598389942985,0.20564426904705263
1835,0.24986540955195152,0.18851276504278283
1836,-0.36044763607549146,0.2482904418762336
1837,0.2307580110409031,-0.02903115007669495
1838,0.28061855984871636,0.14163443976145507
1839,0.17397308835629605,0.3985239457514692
1840,-0.06746744272918224,0.2784401006014297
1841,-0.2690609671214053,-0.03627188931419222
1842,-0.3554607956660722,0.0919353137789836
1843,0.6357075792987974,-0.14396321391753605
1844,-0.06647962795981172,0.21323014193453435
1845,0.06163353047142109,-0.35964053797367507
1846,0.31844879695123973,-0.21926095694260053
1847,0.37626554625227726,0.04738582618467136
1848,0.3232327952035712,-0.30352853897900794
1849,-0.5922675742346448,0.24182900972593327
1850,0.039485962523004514,0.11484315242559255
1851,-0.12759914742254475,0.0650800688194485
1852,0.47046843059813603,-0.23141281154204574
1853,0.02220195926299147,-0.30228693544929386
1854,0.18957875947590813,-0.08394050844859571
1855,-0.23350808573921703,-0.12930510319915375
1856,-0.6156774413267833,-0.01859447246274355
1857,-0.006669498110547171,-0.10300108425422665
1858,0.07792760705160832,-0.14593286458989302
1859,0.15133901073928765,-0.4766447944834107
1860,0.05096556894730875,0.16908767133249747
1861,-0.1971059074873157,-0.14069770663049175
1862,-0.33298394846544166,-0.14061319140331388
1863,-0.012791949970883785,0.1283502201883831
1864,-0.5521347101629567,0.29608919489056945
1865,-0.5688675760334275,-0.1404295797456637
1866,-0.14481902626329626,-0.11321339387755616
1867,0.24388393749092654,-0.1900594652396934
1868,0.4789804890237019,0.13327625484869654
1869,-0.25547197561718604,0.3007719930616994
1870,-0.007789279606418403,-0.2177232464880008
1871,0.12945944597635842,0.17532580558183147
1872,0.133088095555969,-0.3194220753362199
1873,-0.3414511764905848,0.15951652805706212
1874,-0.8812109268147331,0.35593107353091696
1875,0.3391154892746763,0.24288033749482799
1876,-0.19060120335568276,-0.12196519317275618
1877,0.2581198613105794,-0.1262467237103377
1878,0.47639200894393985,-0.28588763042030313
1879,-0.4050463115657797,0.08321426616911105
1880,0.013780874309210722,0.29769701938041243
1881,-0.21599325598039765,0.08641576880213171
1882,-0.20449711052795885,-0.10786076377678103
1883,0.042472509576051816,0.27650364758822116
1884,0.25055145922899613,-0.24053232454500242
1885,-0.31577313837600424,0.22973641697659483
1886,0.22790652323846233,-0.14945322251715276
1887,0.14598373797099096,-0.2068609648182688
1888,-0.32242812977542756,-0.36994715543598106
1889,-0.23487049539622878,-0.01881205492597513
1890,-0.06412553331660814,-0.1656619012477327
1891,-0.2879106236109316,-0.15283714988498273
1892,-0.097780554412549,0.305554822436286
1893,0.13643980905068603,0.1690612298933796
1894,0.7154624446176252,0.22260022407589133
1895,-0.23871424219762108,-0.15077300085884834
1896,-0.17256585145404252,-0.006394828241180764
1897,0.21173469822764834,-0.197323180319122
1898,-0.14519225508782868,-0.24839345534314194
1899,-0.0007854402424414419,-0.12693816637510658
1900,0.08531670843614463,-0.2153249450964675
1901,0.32613343854876287,0.2791498172592884
1902,-0.37993315379924253,-0.006613624569117029
1903,0.5460021411082752,0.18510435910869477
1904,0.2846985817721987,-0.1591184731782664
1905,-0.507137737142879,-0.17269804832552202
1906,0.3507687618301808,0.17241940554019408
1907,0.5705023242231217,0.40198775713190954
1908,0.337917084678994,0.07921572043283058
1909,0.058227146540479315,0.8065929487622673
1910,-0.535934163317893,-0.12480753257999946
1911,0.6524538056596411,-0.04066414377984581
1912,0.48107264444508474,-0.03061979443763736
1913,-0.3522896585026237,0.03233301924527218
1914,-0.2212561798247362,-0.1147041153412811
1915,0.4181233442043219,-0.09793268424565046
1916,0.353028680346288,-0.5075290879636812
1917,0.1529810435006515,-0.26426637292251676
1918,0.45430528638253326,-0.020005002339165235
1919,-0.5519131153515466,-0.05596894976275699
1920,0.3229555828513898,0.4007764196886806
1921,-0.13501308035120013,-0.10699275794487068
1922,0.4853196363393823,0.14116947320485304
1923,0.5898302605065989,-0.3369226360407089
1924,0.4259832462963475,-0.01822966517369898
1925,-0.05208468512321894,-0.18189343553845772
1926,-0.19538285671180866,-0.06616114018232784
1927,0.7911531299039278,0.43022875249633347
1928,-0.3028851821871474,0.1839830408522845
1929,-0.056036979266162815,-0.0708138767509373
1930,0.3194421597558857,0.7164198411457326
1931,-0.20259741251727104,0.08131667262026754
1932,0.06682874132443849,0.18775578955141004
1933,-0.0813460296520501,-0.011374230640155473
1934,0.020650180564097113,-0.16557040561243241
1935,-0.12092145954067553,0.015122731318618554
1936,-0.06205210526726877,-0.05400820086907622
1937,-0.15158595072073724,-0.005422767373270137
1938,0.5819737467342957,0.29367673123458826
1939,-0.5401213795426532,-0.02443058626777965
1940,0.06138595923677911,-0.17762736563535436
1941,0.3995640327330799,-0.34873652632452723
1942,-0.14378310460377308,-0.142727011449894
1943,0.5849676221779495,0.02549034521802612
1944,-0.10501169019723734,0.08424045254317968
1945,0.5607293841374261,0.2383533502890542
1946,-0.12672387385394843,-0.19453906436246277
1947,0.07104723354433683,-0.2399968536152541
1948,0.3086817744258981,-0.07083653801785086
1949,0.44060585790994916,0.00717262742569575
1950,0.23460839231458325,0.15685120536840785
1951,-0.2894660277691516,-0.05908224598943258
1952,-0.4067244385251378,0.006376793660686382
1953,-0.7861039788025027,0.3982673347113358
1954,-0.26029853703872763,-0.1861439367689518
1955,-0.07295023701546227,-0.23626086616348962
1956,0.5953162522826286,-0.2834032902046518
1957,-0.3182368723244509,-0.005772058982387182
1958,0.0068212295342516055,-0.03712706857352513
1959,-0.02931671545460526,-0.04947218235325543
1960,0.46326157736501894,-0.19504547411478612
1961,-0.145306312172376,-0.03732720579768454
1962,-0.3515427872068838,0.18049782743779882
1963,-0.4528528770457813,-0.12346504590278566
1964,-0.5065734934146902,0.06321798818712418
1965,0.01582021995682203,0.5095324203672282
1966,-0.33154998721913986,-0.08925058450492325
1967,0.4731854547514532,0.07627782213853306
1968,-0.2306484027810949,-0.21033309814614123
1969,0.12386776313034537,-0.14446674415234778
1970,-0.004067089374138133,0.2802751190628158
1971,-0.25162502842536494,-0.12496041297491689
1972,-0.44855009047733724,-0.07163134472346067
1973,0.6318233337719592,0.36763766110601487
1974,0.3111512925623674,0.07206294244850661
1975,0.16089809770174915,0.26067090301645485
1976,-0.37360169800668547,-0.3229195841238628
1977,-0.24312110687062669,0.23712789878916427
1978,-0.37285142653618564,0.511055959450529
1979,-0.13490764432694113,-0.09502566830657051
1980,0.37399049409243396,-0.17984890697653586
1981,-0.12847316075138046,0.012748426303017663
1982,0.1305655531375137,-0.23747131310486633
1983,-0.24598168316742042,-0.061949498828705644
1984,-0.08266308842034574,-0.2695541513681357
1985,-0.29939468603130354,-0.014866394167027923
1986,0.33625388843409476,-0.030219916707767424
1987,0.3028530860991722,0.050982740391001216
1988,0.2626201799446078,0.02585520476201402
1989,-0.2381564175989242,0.09628748810862145
1990,-0.13590705856027366,-0.08845378441786371
1991,0.04311790461756257,-0.42856849857654755
1992,-0.05732410501576159,0.02571045205591071
1993,-0.08231232276419088,-0.13853600464013702
1994,0.15697188209227667,0.3132119449151141
1995,0.010386301916010839,-0.055335853484224914
1996,-0.25512708775749876,0.00894456679410468
1997,-0.40899466563732634,-0.13787497981767782
1998,-0.533355624525,0.04116469395110615
1999,0.0047636972733217115,-0.14038278441762622
2000,0.12360819092493316,-0.08502085045437444
